3394,12:23:11,342,C,S,N,N,0,23.661,8.43,12:23:11,28.6080248,77.04060397,0,9,1,0,0,CMD,3394,SIMP,101325,0,0,0,0,0,0,0,0,0,0,0,0,0,0
3394,12:23:12,343,C,S,N,N,9.37,23.65,8.44,12:23:12,28.608023,77.0406038,9.37,9,2,0,0,CMD,3394,SIMP,101437.6207,0,0,0,0,0,0,0,0,0,0,0,0,0,0
3394,12:23:13,344,C,S,N,N,18.74,23.666,8.43,12:23:13,28.6080212,77.04060363,18.74,9,2,0,0,CMD,3394,SIMP,101550.3905,0,0,0,0,0,0,0,0,0,0,0,0,0,0
3394,12:23:14,345,C,S,N,N,28.11,23.646,8.43,12:23:14,28.6080194,77.04060346,28.11,9,2,0,0,CMD,3394,SIMP,101663.3095,0,0,0,0,0,0,0,0,0,0,0,0,0,0
3394,12:23:15,346,C,S,N,N,37.48,23.64,8.43,12:23:15,28.6080176,77.04060329,37.48,9,2,0,0,CMD,3394,SIMP,101776.378,0,0,0,0,0,0,0,0,0,0,0,0,0,0
3394,12:23:16,347,C,S,N,N,46.85,23.691,8.43,12:23:16,28.6080158,77.04060312,46.85,9,2,0,0,CMD,3394,SIMP,101889.5962,0,0,0,0,0,0,0,0,0,0,0,0,0,0
3394,12:23:17,348,C,S,N,N,56.22,23.663,8.43,12:23:17,28.608014,77.04060295,56.22,9,2,0,0,CMD,3394,SIMP,102002.9644,0,0,0,0,0,0,0,0,0,0,0,0,0,0
3394,12:23:18,349,C,S,N,N,65.59,23.611,8.44,12:23:18,28.6080122,77.04060278,65.59,9,2,0,0,CMD,3394,SIMP,102116.4827,0,0,0,0,0,0,0,0,0,0,0,0,0,0
3394,12:23:19,350,C,S,N,N,74.96,23.685,8.43,12:23:19,28.6080104,77.04060261,74.96,9,2,0,0,CMD,3394,SIMP,102230.1515,0,0,0,0,0,0,0,0,0,0,0,0,0,0
3394,12:23:20,351,C,S,N,N,84.33,23.69,8.44,12:23:20,28.6080086,77.04060244,84.33,9,2,0,0,CMD,3394,SIMP,102343.9708,0,0,0,0,0,0,0,0,0,0,0,0,0,0
3394,12:23:21,352,C,S,N,N,93.7,23.621,8.43,12:23:21,28.6080068,77.04060227,93.7,9,2,0,0,CMD,3394,SIMP,102457.9411,0,0,0,0,0,0,0,0,0,0,0,0,0,0
3394,12:23:22,353,C,S,N,N,103.07,23.664,8.44,12:23:22,28.608005,77.0406021,103.07,9,2,0,0,CMD,3394,SIMP,102572.0624,0,0,0,0,0,0,0,0,0,0,0,0,0,0
3394,12:23:23,354,C,S,N,N,112.44,23.601,8.44,12:23:23,28.6080032,77.04060193,112.44,9,2,0,0,CMD,3394,SIMP,102686.3351,0,0,0,0,0,0,0,0,0,0,0,0,0,0
3394,12:23:24,355,C,S,N,N,121.81,23.677,8.44,12:23:24,28.6080014,77.04060176,121.81,9,2,0,0,CMD,3394,SIMP,102800.7594,0,0,0,0,0,0,0,0,0,0,0,0,0,0
3394,12:23:25,356,C,S,N,N,131.18,23.623,8.44,12:23:25,28.6079996,77.04060159,131.18,9,2,0,0,CMD,3394,SIMP,102915.3354,0,0,0,0,0,0,0,0,0,0,0,0,0,0
3394,12:23:26,357,C,S,N,N,140.55,23.618,8.44,12:23:26,28.6079978,77.04060142,140.55,9,2,0,0,CMD,3394,SIMP,103030.0635,0,0,0,0,0,0,0,0,0,0,0,0,0,0
3394,12:23:27,358,C,S,N,N,149.92,23.649,8.44,12:23:27,28.607996,77.04060125,149.92,9,2,0,0,CMD,3394,SIMP,103144.9438,0,0,0,0,0,0,0,0,0,0,0,0,0,0
3394,12:23:28,359,C,S,N,N,154.62,23.603,8.43,12:23:28,28.6079942,77.04060108,154.62,9,2,0,0,CMD,3394,SIMP,103202.6253,0,0,0,0,0,0,0,0,0,0,0,0,0,0
3394,12:23:29,360,C,S,N,N,159.32,23.684,8.44,12:23:29,28.6079924,77.04060091,159.32,9,2,0,0,CMD,3394,SIMP,103260.3452,0,0,0,0,0,0,0,0,0,0,0,0,0,0
3394,12:23:30,361,C,S,N,N,164.02,23.665,8.44,12:23:30,28.6079906,77.04060074,164.02,9,2,0,0,CMD,3394,SIMP,103318.1036,0,0,0,0,0,0,0,0,0,0,0,0,0,0
3394,12:23:31,362,C,S,N,N,168.72,23.605,8.44,12:23:31,28.6079888,77.04060057,168.72,9,2,0,0,CMD,3394,SIMP,103375.9003,0,0,0,0,0,0,0,0,0,0,0,0,0,0
3394,12:23:32,363,C,S,N,N,173.42,23.623,8.43,12:23:32,28.607987,77.0406004,173.42,9,2,0,0,CMD,3394,SIMP,103433.7356,0,0,0,0,0,0,0,0,0,0,0,0,0,0
3394,12:23:33,364,C,S,N,N,178.12,23.642,8.43,12:23:33,28.6079852,77.04060023,178.12,9,2,0,0,CMD,3394,SIMP,103491.6094,0,0,0,0,0,0,0,0,0,0,0,0,0,0
3394,12:23:34,365,C,S,N,N,182.82,23.645,8.44,12:23:34,28.6079834,77.04060006,182.82,9,2,0,0,CMD,3394,SIMP,103549.5217,0,0,0,0,0,0,0,0,0,0,0,0,0,0
3394,12:23:35,366,C,S,N,N,187.52,23.634,8.44,12:23:35,28.6079816,77.04059989,187.52,9,2,0,0,CMD,3394,SIMP,103607.4727,0,0,0,0,0,0,0,0,0,0,0,0,0,0
3394,12:23:36,367,C,S,N,N,192.22,23.663,8.44,12:23:36,28.6079798,77.04059972,192.22,9,2,0,0,CMD,3394,SIMP,103665.4622,0,0,0,0,0,0,0,0,0,0,0,0,0,0
3394,12:23:37,368,C,S,N,N,196.92,23.655,8.43,12:23:37,28.607978,77.04059955,196.92,9,2,0,0,CMD,3394,SIMP,103723.4904,0,0,0,0,0,0,0,0,0,0,0,0,0,0
3394,12:23:38,369,C,S,N,N,201.62,23.666,8.43,12:23:38,28.6079762,77.04059938,201.62,9,2,0,0,CMD,3394,SIMP,103781.5572,0,0,0,0,0,0,0,0,0,0,0,0,0,0
3394,12:23:39,370,C,S,N,N,206.32,23.671,8.44,12:23:39,28.6079744,77.04059921,206.32,9,2,0,0,CMD,3394,SIMP,103839.6627,0,0,0,0,0,0,0,0,0,0,0,0,0,0
3394,12:23:40,371,C,S,N,N,211.02,23.65,8.43,12:23:40,28.6079726,77.04059904,211.02,9,2,0,0,CMD,3394,SIMP,103897.807,0,0,0,0,0,0,0,0,0,0,0,0,0,0
3394,12:23:41,372,C,S,N,N,215.72,23.654,8.43,12:23:41,28.6079708,77.04059887,215.72,9,2,0,0,CMD,3394,SIMP,103955.99,0,0,0,0,0,0,0,0,0,0,0,0,0,0
3394,12:23:42,373,C,S,N,N,220.42,23.689,8.43,12:23:42,28.607969,77.0405987,220.42,9,2,0,0,CMD,3394,SIMP,104014.2118,0,0,0,0,0,0,0,0,0,0,0,0,0,0
3394,12:23:43,374,C,S,N,N,225.12,23.657,8.44,12:23:43,28.6079672,77.04059853,225.12,9,2,0,0,CMD,3394,SIMP,104072.4724,0,0,0,0,0,0,0,0,0,0,0,0,0,0
3394,12:23:44,375,C,S,N,N,229.82,23.608,8.43,12:23:44,28.6079654,77.04059836,229.82,9,2,0,0,CMD,3394,SIMP,104130.7719,0,0,0,0,0,0,0,0,0,0,0,0,0,0
3394,12:23:45,376,C,S,N,N,234.52,23.619,8.43,12:23:45,28.6079636,77.04059819,234.52,9,2,0,0,CMD,3394,SIMP,104189.1102,0,0,0,0,0,0,0,0,0,0,0,0,0,0
3394,12:23:46,377,C,S,N,N,239.22,23.655,8.43,12:23:46,28.6079618,77.04059802,239.22,9,2,0,0,CMD,3394,SIMP,104247.4875,0,0,0,0,0,0,0,0,0,0,0,0,0,0
3394,12:23:47,378,C,S,N,N,243.92,23.628,8.43,12:23:47,28.60796,77.04059785,243.92,9,2,0,0,CMD,3394,SIMP,104305.9036,0,0,0,0,0,0,0,0,0,0,0,0,0,0
3394,12:23:48,379,C,S,N,N,248.62,23.659,8.43,12:23:48,28.6079582,77.04059768,248.62,9,2,0,0,CMD,3394,SIMP,104364.3588,0,0,0,0,0,0,0,0,0,0,0,0,0,0
3394,12:23:49,380,C,S,N,N,253.32,23.623,8.43,12:23:49,28.6079564,77.04059751,253.32,9,2,0,0,CMD,3394,SIMP,104422.8529,0,0,0,0,0,0,0,0,0,0,0,0,0,0
3394,12:23:50,381,C,S,N,N,258.02,23.676,8.44,12:23:50,28.6079546,77.04059734,258.02,9,2,0,0,CMD,3394,SIMP,104481.3861,0,0,0,0,0,0,0,0,0,0,0,0,0,0
3394,12:23:51,382,C,S,N,N,262.72,23.684,8.43,12:23:51,28.6079528,77.04059717,262.72,9,2,0,0,CMD,3394,SIMP,104539.9584,0,0,0,0,0,0,0,0,0,0,0,0,0,0
3394,12:23:52,383,C,S,N,N,267.42,23.668,8.43,12:23:52,28.607951,77.040597,267.42,9,2,0,0,CMD,3394,SIMP,104598.5697,0,0,0,0,0,0,0,0,0,0,0,0,0,0
3394,12:23:53,384,C,S,N,N,272.12,23.61,8.44,12:23:53,28.6079492,77.04059683,272.12,9,2,0,0,CMD,3394,SIMP,104657.2201,0,0,0,0,0,0,0,0,0,0,0,0,0,0
3394,12:23:54,385,C,S,N,N,276.82,23.602,8.43,12:23:54,28.6079474,77.04059666,276.82,9,2,0,0,CMD,3394,SIMP,104715.9097,0,0,0,0,0,0,0,0,0,0,0,0,0,0
3394,12:23:55,386,C,S,N,N,281.52,23.693,8.43,12:23:55,28.6079456,77.04059649,281.52,9,2,0,0,CMD,3394,SIMP,104774.6385,0,0,0,0,0,0,0,0,0,0,0,0,0,0
3394,12:23:56,387,C,S,N,N,286.22,23.63,8.43,12:23:56,28.6079438,77.04059632,286.22,9,2,0,0,CMD,3394,SIMP,104833.4065,0,0,0,0,0,0,0,0,0,0,0,0,0,0
3394,12:23:57,388,C,S,N,N,290.92,23.665,8.43,12:23:57,28.607942,77.04059615,290.92,9,2,0,0,CMD,3394,SIMP,104892.2137,0,0,0,0,0,0,0,0,0,0,0,0,0,0
3394,12:23:58,389,C,S,N,N,295.62,23.623,8.44,12:23:58,28.6079402,77.04059598,295.62,9,2,0,0,CMD,3394,SIMP,104951.0602,0,0,0,0,0,0,0,0,0,0,0,0,0,0
3394,12:23:59,390,C,S,N,N,300.32,23.632,8.43,12:23:59,28.6079384,77.04059581,300.32,9,2,0,0,CMD,3394,SIMP,105009.946,0,0,0,0,0,0,0,0,0,0,0,0,0,0
3394,12:24:00,391,C,S,N,N,305.02,23.68,8.43,12:24:00,28.6079366,77.04059564,305.02,9,2,0,0,CMD,3394,SIMP,105068.8711,0,0,0,0,0,0,0,0,0,0,0,0,0,0
3394,12:24:01,392,C,S,N,N,309.72,23.654,8.44,12:24:01,28.6079348,77.04059547,309.72,9,2,0,0,CMD,3394,SIMP,105127.8356,0,0,0,0,0,0,0,0,0,0,0,0,0,0
3394,12:24:02,393,C,S,N,N,314.42,23.681,8.43,12:24:02,28.607933,77.0405953,314.42,9,2,0,0,CMD,3394,SIMP,105186.8394,0,0,0,0,0,0,0,0,0,0,0,0,0,0
3394,12:24:03,394,C,S,N,N,319.12,23.648,8.44,12:24:03,28.6079312,77.04059513,319.12,9,2,0,0,CMD,3394,SIMP,105245.8827,0,0,0,0,0,0,0,0,0,0,0,0,0,0
3394,12:24:04,395,C,S,N,N,323.82,23.655,8.43,12:24:04,28.6079294,77.04059496,323.82,9,2,0,0,CMD,3394,SIMP,105304.9655,0,0,0,0,0,0,0,0,0,0,0,0,0,0
3394,12:24:05,396,C,S,N,N,328.52,23.646,8.44,12:24:05,28.6079276,77.04059479,328.52,9,2,0,0,CMD,3394,SIMP,105364.0877,0,0,0,0,0,0,0,0,0,0,0,0,0,0
3394,12:24:06,397,C,S,N,N,333.22,23.658,8.43,12:24:06,28.6079258,77.04059462,333.22,9,2,0,0,CMD,3394,SIMP,105423.2495,0,0,0,0,0,0,0,0,0,0,0,0,0,0
3394,12:24:07,398,C,S,N,N,337.92,23.619,8.44,12:24:07,28.607924,77.04059445,337.92,9,2,0,0,CMD,3394,SIMP,105482.4508,0,0,0,0,0,0,0,0,0,0,0,0,0,0
3394,12:24:08,399,C,S,N,N,342.62,23.637,8.44,12:24:08,28.6079222,77.04059428,342.62,9,2,0,0,CMD,3394,SIMP,105541.6916,0,0,0,0,0,0,0,0,0,0,0,0,0,0
3394,12:24:09,400,C,S,N,N,347.32,23.687,8.43,12:24:09,28.6079204,77.04059411,347.32,9,2,0,0,CMD,3394,SIMP,105600.9721,0,0,0,0,0,0,0,0,0,0,0,0,0,0
3394,12:24:10,401,C,S,N,N,352.02,23.609,8.44,12:24:10,28.6079186,77.04059394,352.02,9,2,0,0,CMD,3394,SIMP,105660.2922,0,0,0,0,0,0,0,0,0,0,0,0,0,0
3394,12:24:11,402,C,S,N,N,356.72,23.651,8.43,12:24:11,28.6079168,77.04059377,356.72,9,2,0,0,CMD,3394,SIMP,105719.652,0,0,0,0,0,0,0,0,0,0,0,0,0,0
3394,12:24:12,403,C,S,N,N,361.42,23.607,8.43,12:24:12,28.607915,77.0405936,361.42,9,2,0,0,CMD,3394,SIMP,105779.0515,0,0,0,0,0,0,0,0,0,0,0,0,0,0
3394,12:24:13,404,C,S,N,N,366.12,23.697,8.44,12:24:13,28.6079132,77.04059343,366.12,9,2,0,0,CMD,3394,SIMP,105838.4907,0,0,0,0,0,0,0,0,0,0,0,0,0,0
3394,12:24:14,405,C,S,N,N,370.82,23.618,8.44,12:24:14,28.6079114,77.04059326,370.82,9,2,0,0,CMD,3394,SIMP,105897.9697,0,0,0,0,0,0,0,0,0,0,0,0,0,0
3394,12:24:15,406,C,S,N,N,375.52,23.683,8.44,12:24:15,28.6079096,77.04059309,375.52,9,2,0,0,CMD,3394,SIMP,105957.4884,0,0,0,0,0,0,0,0,0,0,0,0,0,0
3394,12:24:16,407,C,S,N,N,380.22,23.615,8.43,12:24:16,28.6079078,77.04059292,380.22,9,2,0,0,CMD,3394,SIMP,106017.047,0,0,0,0,0,0,0,0,0,0,0,0,0,0
3394,12:24:17,408,C,S,N,N,384.92,23.688,8.44,12:24:17,28.607906,77.04059275,384.92,9,2,0,0,CMD,3394,SIMP,106076.6454,0,0,0,0,0,0,0,0,0,0,0,0,0,0
3394,12:24:18,409,C,S,N,N,389.62,23.608,8.44,12:24:18,28.6079042,77.04059258,389.62,9,2,0,0,CMD,3394,SIMP,106136.2837,0,0,0,0,0,0,0,0,0,0,0,0,0,0
3394,12:24:19,410,C,S,N,N,394.32,23.651,8.44,12:24:19,28.6079024,77.04059241,394.32,9,2,0,0,CMD,3394,SIMP,106195.962,0,0,0,0,0,0,0,0,0,0,0,0,0,0
3394,12:24:20,411,C,S,N,N,399.02,23.605,8.43,12:24:20,28.6079006,77.04059224,399.02,9,2,0,0,CMD,3394,SIMP,106255.6802,0,0,0,0,0,0,0,0,0,0,0,0,0,0
3394,12:24:21,412,C,S,N,N,403.72,23.658,8.43,12:24:21,28.6078988,77.04059207,403.72,9,2,0,0,CMD,3394,SIMP,106315.4383,0,0,0,0,0,0,0,0,0,0,0,0,0,0
3394,12:24:22,413,C,S,N,N,408.42,23.669,8.43,12:24:22,28.607897,77.0405919,408.42,9,2,0,0,CMD,3394,SIMP,106375.2365,0,0,0,0,0,0,0,0,0,0,0,0,0,0
3394,12:24:23,414,C,S,N,N,413.12,23.653,8.43,12:24:23,28.6078952,77.04059173,413.12,9,2,0,0,CMD,3394,SIMP,106435.0747,0,0,0,0,0,0,0,0,0,0,0,0,0,0
3394,12:24:24,415,C,S,N,N,417.82,23.658,8.43,12:24:24,28.6078934,77.04059156,417.82,9,2,0,0,CMD,3394,SIMP,106494.9529,0,0,0,0,0,0,0,0,0,0,0,0,0,0
3394,12:24:25,416,C,S,N,N,422.52,23.69,8.43,12:24:25,28.6078916,77.04059139,422.52,9,2,0,0,CMD,3394,SIMP,106554.8713,0,0,0,0,0,0,0,0,0,0,0,0,0,0
3394,12:24:26,417,C,S,N,N,427.22,23.688,8.44,12:24:26,28.6078898,77.04059122,427.22,9,2,0,0,CMD,3394,SIMP,106614.8298,0,0,0,0,0,0,0,0,0,0,0,0,0,0
3394,12:24:27,418,C,S,N,N,431.92,23.613,8.44,12:24:27,28.607888,77.04059105,431.92,9,2,0,0,CMD,3394,SIMP,106674.8285,0,0,0,0,0,0,0,0,0,0,0,0,0,0
3394,12:24:28,419,C,S,N,N,436.62,23.691,8.43,12:24:28,28.6078862,77.04059088,436.62,9,2,0,0,CMD,3394,SIMP,106734.8673,0,0,0,0,0,0,0,0,0,0,0,0,0,0
3394,12:24:29,420,C,S,N,N,441.32,23.661,8.44,12:24:29,28.6078844,77.04059071,441.32,9,2,0,0,CMD,3394,SIMP,106794.9464,0,0,0,0,0,0,0,0,0,0,0,0,0,0
3394,12:24:30,421,C,S,N,N,446.02,23.668,8.43,12:24:30,28.6078826,77.04059054,446.02,9,2,0,0,CMD,3394,SIMP,106855.0658,0,0,0,0,0,0,0,0,0,0,0,0,0,0
3394,12:24:31,422,C,S,N,N,450.72,23.601,8.44,12:24:31,28.6078808,77.04059037,450.72,9,2,0,0,CMD,3394,SIMP,106915.2254,0,0,0,0,0,0,0,0,0,0,0,0,0,0
3394,12:24:32,423,C,S,N,N,455.42,23.6,8.43,12:24:32,28.607879,77.0405902,455.42,9,2,0,0,CMD,3394,SIMP,106975.4254,0,0,0,0,0,0,0,0,0,0,0,0,0,0
3394,12:24:33,424,C,S,N,N,460.12,23.608,8.44,12:24:33,28.6078772,77.04059003,460.12,9,2,0,0,CMD,3394,SIMP,107035.6657,0,0,0,0,0,0,0,0,0,0,0,0,0,0
3394,12:24:34,425,C,S,N,N,464.82,23.65,8.43,12:24:34,28.6078754,77.04058986,464.82,9,2,0,0,CMD,3394,SIMP,107095.9463,0,0,0,0,0,0,0,0,0,0,0,0,0,0
3394,12:24:35,426,C,S,N,N,469.52,23.671,8.43,12:24:35,28.6078736,77.04058969,469.52,9,2,0,0,CMD,3394,SIMP,107156.2674,0,0,0,0,0,0,0,0,0,0,0,0,0,0
3394,12:24:36,427,C,S,N,N,474.22,23.607,8.43,12:24:36,28.6078718,77.04058952,474.22,9,2,0,0,CMD,3394,SIMP,107216.629,0,0,0,0,0,0,0,0,0,0,0,0,0,0
3394,12:24:37,428,C,S,N,N,478.92,23.67,8.44,12:24:37,28.60787,77.04058935,478.92,9,2,0,0,CMD,3394,SIMP,107277.031,0,0,0,0,0,0,0,0,0,0,0,0,0,0
3394,12:24:38,429,C,S,N,N,483.62,23.658,8.43,12:24:38,28.6078682,77.04058918,483.62,9,2,0,0,CMD,3394,SIMP,107337.4735,0,0,0,0,0,0,0,0,0,0,0,0,0,0
3394,12:24:39,430,C,S,N,N,488.32,23.694,8.43,12:24:39,28.6078664,77.04058901,488.32,9,2,0,0,CMD,3394,SIMP,107397.9566,0,0,0,0,0,0,0,0,0,0,0,0,0,0
3394,12:24:40,431,C,S,N,N,493.02,23.652,8.44,12:24:40,28.6078646,77.04058884,493.02,9,2,0,0,CMD,3394,SIMP,107458.4802,0,0,0,0,0,0,0,0,0,0,0,0,0,0
3394,12:24:41,432,C,S,N,N,497.72,23.625,8.43,12:24:41,28.6078628,77.04058867,497.72,9,2,0,0,CMD,3394,SIMP,107519.0445,0,0,0,0,0,0,0,0,0,0,0,0,0,0
3394,12:24:42,433,C,S,N,N,502.42,23.65,8.43,12:24:42,28.607861,77.0405885,502.42,9,2,0,0,CMD,3394,SIMP,107579.6494,0,0,0,0,0,0,0,0,0,0,0,0,0,0
3394,12:24:43,434,C,S,N,N,507.12,23.675,8.43,12:24:43,28.6078592,77.04058833,507.12,9,2,0,0,CMD,3394,SIMP,107640.2949,0,0,0,0,0,0,0,0,0,0,0,0,0,0
3394,12:24:44,435,C,S,N,N,511.82,23.654,8.43,12:24:44,28.6078574,77.04058816,511.82,9,2,0,0,CMD,3394,SIMP,107700.9811,0,0,0,0,0,0,0,0,0,0,0,0,0,0
3394,12:24:45,436,C,S,N,N,516.52,23.628,8.43,12:24:45,28.6078556,77.04058799,516.52,9,2,0,0,CMD,3394,SIMP,107761.7081,0,0,0,0,0,0,0,0,0,0,0,0,0,0
3394,12:24:46,437,C,S,N,N,521.22,23.637,8.43,12:24:46,28.6078538,77.04058782,521.22,9,2,0,0,CMD,3394,SIMP,107822.4758,0,0,0,0,0,0,0,0,0,0,0,0,0,0
3394,12:24:47,438,C,S,N,N,525.92,23.627,8.44,12:24:47,28.607852,77.04058765,525.92,9,2,0,0,CMD,3394,SIMP,107883.2844,0,0,0,0,0,0,0,0,0,0,0,0,0,0
3394,12:24:48,439,C,S,N,N,530.62,23.635,8.43,12:24:48,28.6078502,77.04058748,530.62,9,2,0,0,CMD,3394,SIMP,107944.1337,0,0,0,0,0,0,0,0,0,0,0,0,0,0
3394,12:24:49,440,C,S,N,N,535.32,23.606,8.44,12:24:49,28.6078484,77.04058731,535.32,9,2,0,0,CMD,3394,SIMP,108005.0239,0,0,0,0,0,0,0,0,0,0,0,0,0,0
3394,12:24:50,441,C,S,N,N,540.02,23.633,8.44,12:24:50,28.6078466,77.04058714,540.02,9,2,0,0,CMD,3394,SIMP,108065.955,0,0,0,0,0,0,0,0,0,0,0,0,0,0
3394,12:24:51,442,C,S,N,N,544.72,23.694,8.43,12:24:51,28.6078448,77.04058697,544.72,9,2,0,0,CMD,3394,SIMP,108126.927,0,0,0,0,0,0,0,0,0,0,0,0,0,0
3394,12:24:52,443,C,S,N,N,549.42,23.697,8.43,12:24:52,28.607843,77.0405868,549.42,9,2,0,0,CMD,3394,SIMP,108187.94,0,0,0,0,0,0,0,0,0,0,0,0,0,0
3394,12:24:53,444,C,S,N,N,554.12,23.651,8.43,12:24:53,28.6078412,77.04058663,554.12,9,2,0,0,CMD,3394,SIMP,108248.9939,0,0,0,0,0,0,0,0,0,0,0,0,0,0
3394,12:24:54,445,C,S,N,N,558.82,23.613,8.44,12:24:54,28.6078394,77.04058646,558.82,9,2,0,0,CMD,3394,SIMP,108310.0889,0,0,0,0,0,0,0,0,0,0,0,0,0,0
3394,12:24:55,446,C,S,N,N,563.52,23.625,8.44,12:24:55,28.6078376,77.04058629,563.52,9,2,0,0,CMD,3394,SIMP,108371.2249,0,0,0,0,0,0,0,0,0,0,0,0,0,0
3394,12:24:56,447,C,S,N,N,568.22,23.691,8.44,12:24:56,28.6078358,77.04058612,568.22,9,2,0,0,CMD,3394,SIMP,108432.402,0,0,0,0,0,0,0,0,0,0,0,0,0,0
3394,12:24:57,448,C,S,N,N,572.92,23.676,8.43,12:24:57,28.607834,77.04058595,572.92,9,2,0,0,CMD,3394,SIMP,108493.6202,0,0,0,0,0,0,0,0,0,0,0,0,0,0
3394,12:24:58,449,C,S,N,N,577.62,23.625,8.43,12:24:58,28.6078322,77.04058578,577.62,9,2,0,0,CMD,3394,SIMP,108554.8795,0,0,0,0,0,0,0,0,0,0,0,0,0,0
3394,12:24:59,450,C,S,N,N,582.32,23.636,8.43,12:24:59,28.6078304,77.04058561,582.32,9,2,0,0,CMD,3394,SIMP,108616.1801,0,0,0,0,0,0,0,0,0,0,0,0,0,0
3394,12:25:00,451,C,S,N,N,587.02,23.668,8.43,12:25:00,28.6078286,77.04058544,587.02,9,2,0,0,CMD,3394,SIMP,108677.5218,0,0,0,0,0,0,0,0,0,0,0,0,0,0
3394,12:25:01,452,C,S,N,N,591.72,23.609,8.44,12:25:01,28.6078268,77.04058527,591.72,9,2,0,0,CMD,3394,SIMP,108738.9047,0,0,0,0,0,0,0,0,0,0,0,0,0,0
3394,12:25:02,453,C,S,N,N,596.42,23.645,8.44,12:25:02,28.607825,77.0405851,596.42,9,2,0,0,CMD,3394,SIMP,108800.329,0,0,0,0,0,0,0,0,0,0,0,0,0,0
3394,12:25:03,454,C,S,N,N,601.12,23.66,8.44,12:25:03,28.6078232,77.04058493,601.12,9,2,0,0,CMD,3394,SIMP,108861.7945,0,0,0,0,0,0,0,0,0,0,0,0,0,0
3394,12:25:04,455,C,S,N,N,605.82,23.645,8.43,12:25:04,28.6078214,77.04058476,605.82,9,2,0,0,CMD,3394,SIMP,108923.3014,0,0,0,0,0,0,0,0,0,0,0,0,0,0
3394,12:25:05,456,C,S,N,N,610.52,23.616,8.44,12:25:05,28.6078196,77.04058459,610.52,9,2,0,0,CMD,3394,SIMP,108984.8497,0,0,0,0,0,0,0,0,0,0,0,0,0,0
3394,12:25:06,457,C,S,N,N,615.22,23.686,8.44,12:25:06,28.6078178,77.04058442,615.22,9,2,0,0,CMD,3394,SIMP,109046.4393,0,0,0,0,0,0,0,0,0,0,0,0,0,0
3394,12:25:07,458,C,S,N,N,619.92,23.683,8.44,12:25:07,28.607816,77.04058425,619.92,9,2,0,0,CMD,3394,SIMP,109108.0704,0,0,0,0,0,0,0,0,0,0,0,0,0,0
3394,12:25:08,459,C,S,N,N,624.62,23.668,8.43,12:25:08,28.6078142,77.04058408,624.62,9,2,0,0,CMD,3394,SIMP,109169.743,0,0,0,0,0,0,0,0,0,0,0,0,0,0
3394,12:25:09,460,C,S,N,N,629.32,23.652,8.44,12:25:09,28.6078124,77.04058391,629.32,9,2,0,0,CMD,3394,SIMP,109231.457,0,0,0,0,0,0,0,0,0,0,0,0,0,0
3394,12:25:10,461,C,S,N,N,634.02,23.641,8.43,12:25:10,28.6078106,77.04058374,634.02,9,2,0,0,CMD,3394,SIMP,109293.2126,0,0,0,0,0,0,0,0,0,0,0,0,0,0
3394,12:25:11,462,C,S,N,N,638.72,23.656,8.44,12:25:11,28.6078088,77.04058357,638.72,9,2,0,0,CMD,3394,SIMP,109355.0097,0,0,0,0,0,0,0,0,0,0,0,0,0,0
3394,12:25:12,463,C,S,N,N,643.42,23.617,8.44,12:25:12,28.607807,77.0405834,643.42,9,2,0,0,CMD,3394,SIMP,109416.8485,0,0,0,0,0,0,0,0,0,0,0,0,0,0
3394,12:25:13,464,C,S,N,N,648.12,23.663,8.44,12:25:13,28.6078052,77.04058323,648.12,9,2,0,0,CMD,3394,SIMP,109478.7288,0,0,0,0,0,0,0,0,0,0,0,0,0,0
3394,12:25:14,465,C,S,N,N,652.82,23.666,8.44,12:25:14,28.6078034,77.04058306,652.82,9,2,0,0,CMD,3394,SIMP,109540.6509,0,0,0,0,0,0,0,0,0,0,0,0,0,0
3394,12:25:15,466,C,S,N,N,657.52,23.664,8.43,12:25:15,28.6078016,77.04058289,657.52,9,2,0,0,CMD,3394,SIMP,109602.6146,0,0,0,0,0,0,0,0,0,0,0,0,0,0
3394,12:25:16,467,C,S,N,N,662.22,23.619,8.44,12:25:16,28.6077998,77.04058272,662.22,9,2,0,0,CMD,3394,SIMP,109664.62,0,0,0,0,0,0,0,0,0,0,0,0,0,0
3394,12:25:17,468,C,S,N,N,666.92,23.658,8.43,12:25:17,28.607798,77.04058255,666.92,9,2,0,0,CMD,3394,SIMP,109726.6672,0,0,0,0,0,0,0,0,0,0,0,0,0,0
3394,12:25:18,469,C,S,N,N,671.62,23.682,8.43,12:25:18,28.6077962,77.04058238,671.62,9,3,0,0,CMD,3394,SIMP,109788.7562,0,0,0,0,0,0,0,0,0,0,0,0,0,0
3394,12:25:19,470,C,S,N,N,676.32,23.617,8.44,12:25:19,28.6077944,77.04058221,676.32,9,3,0,0,CMD,3394,SIMP,109850.887,0,0,0,0,0,0,0,0,0,0,0,0,0,0
3394,12:25:20,471,C,S,N,N,681.02,23.678,8.43,12:25:20,28.6077926,77.04058204,681.02,9,3,0,0,CMD,3394,SIMP,109913.0597,0,0,0,0,0,0,0,0,0,0,0,0,0,0
3394,12:25:21,472,C,S,N,N,678.123,23.668,8.43,12:25:21,28.6077908,77.04058187,678.123,9,4,0,0,CMD,3394,SIMP,109874.7326,0,0,0,0,0,0,0,0,0,0,0,0,0,0
3394,12:25:22,473,C,S,N,N,675.226,23.66,8.43,12:25:22,28.607789,77.0405817,675.226,9,4,0,0,CMD,3394,SIMP,109836.4214,0,0,0,0,0,0,0,0,0,0,0,0,0,0
3394,12:25:23,474,C,S,N,N,672.329,23.606,8.43,12:25:23,28.6077872,77.04058153,672.329,9,4,0,0,CMD,3394,SIMP,109798.126,0,0,0,0,0,0,0,0,0,0,0,0,0,0
3394,12:25:24,475,C,S,N,N,669.432,23.623,8.43,12:25:24,28.6077854,77.04058136,669.432,9,4,0,0,CMD,3394,SIMP,109759.8466,0,0,0,0,0,0,0,0,0,0,0,0,0,0
3394,12:25:25,476,C,S,N,N,666.535,23.604,8.43,12:25:25,28.6077836,77.04058119,666.535,9,4,0,0,CMD,3394,SIMP,109721.5831,0,0,0,0,0,0,0,0,0,0,0,0,0,0
3394,12:25:26,477,C,S,N,N,663.638,23.606,8.44,12:25:26,28.6077818,77.04058102,663.638,9,4,0,0,CMD,3394,SIMP,109683.3354,0,0,0,0,0,0,0,0,0,0,0,0,0,0
3394,12:25:27,478,C,S,N,N,660.741,23.69,8.43,12:25:27,28.60778,77.04058085,660.741,9,4,0,0,CMD,3394,SIMP,109645.1036,0,0,0,0,0,0,0,0,0,0,0,0,0,0
3394,12:25:28,479,C,S,N,N,657.844,23.668,8.43,12:25:28,28.6077782,77.04058068,657.844,9,4,0,0,CMD,3394,SIMP,109606.8877,0,0,0,0,0,0,0,0,0,0,0,0,0,0
3394,12:25:29,480,C,S,N,N,654.947,23.697,8.43,12:25:29,28.6077764,77.04058051,654.947,9,4,0,0,CMD,3394,SIMP,109568.6876,0,0,0,0,0,0,0,0,0,0,0,0,0,0
3394,12:25:30,481,C,S,N,N,652.05,23.648,8.43,12:25:30,28.6077746,77.04058034,652.05,9,4,0,0,CMD,3394,SIMP,109530.5033,0,0,0,0,0,0,0,0,0,0,0,0,0,0
3394,12:25:31,482,C,S,N,N,649.153,23.673,8.44,12:25:31,28.6077728,77.04058017,649.153,9,4,0,0,CMD,3394,SIMP,109492.3349,0,0,0,0,0,0,0,0,0,0,0,0,0,0
3394,12:25:32,483,C,S,N,N,646.256,23.613,8.43,12:25:32,28.607771,77.04058,646.256,9,4,0,0,CMD,3394,SIMP,109454.1824,0,0,0,0,0,0,0,0,0,0,0,0,0,0
3394,12:25:33,484,C,S,N,N,643.359,23.675,8.44,12:25:33,28.6077692,77.04057983,643.359,9,4,0,0,CMD,3394,SIMP,109416.0456,0,0,0,0,0,0,0,0,0,0,0,0,0,0
3394,12:25:34,485,C,S,N,N,640.462,23.657,8.44,12:25:34,28.6077674,77.04057966,640.462,9,4,0,0,CMD,3394,SIMP,109377.9247,0,0,0,0,0,0,0,0,0,0,0,0,0,0
3394,12:25:35,486,C,S,N,N,637.565,23.65,8.44,12:25:35,28.6077656,77.04057949,637.565,9,4,0,0,CMD,3394,SIMP,109339.8196,0,0,0,0,0,0,0,0,0,0,0,0,0,0
3394,12:25:36,487,C,S,N,N,634.668,23.688,8.43,12:25:36,28.6077638,77.04057932,634.668,9,4,0,0,CMD,3394,SIMP,109301.7302,0,0,0,0,0,0,0,0,0,0,0,0,0,0
3394,12:25:37,488,C,S,N,N,631.771,23.673,8.43,12:25:37,28.607762,77.04057915,631.771,9,4,0,0,CMD,3394,SIMP,109263.6567,0,0,0,0,0,0,0,0,0,0,0,0,0,0
3394,12:25:38,489,C,S,N,N,628.874,23.609,8.43,12:25:38,28.6077602,77.04057898,628.874,9,4,0,0,CMD,3394,SIMP,109225.599,0,0,0,0,0,0,0,0,0,0,0,0,0,0
3394,12:25:39,490,C,S,N,N,625.977,23.62,8.44,12:25:39,28.6077584,77.04057881,625.977,9,4,0,0,CMD,3394,SIMP,109187.557,0,0,0,0,0,0,0,0,0,0,0,0,0,0
3394,12:25:40,491,C,S,N,N,623.08,23.64,8.44,12:25:40,28.6077566,77.04057864,623.08,9,4,0,0,CMD,3394,SIMP,109149.5308,0,0,0,0,0,0,0,0,0,0,0,0,0,0
3394,12:25:41,492,C,S,N,N,620.183,23.667,8.44,12:25:41,28.6077548,77.04057847,620.183,9,4,0,0,CMD,3394,SIMP,109111.5203,0,0,0,0,0,0,0,0,0,0,0,0,0,0
3394,12:25:42,493,C,S,N,N,617.286,23.623,8.44,12:25:42,28.607753,77.0405783,617.286,9,4,0,0,CMD,3394,SIMP,109073.5257,0,0,0,0,0,0,0,0,0,0,0,0,0,0
3394,12:25:43,494,C,S,N,N,614.389,23.696,8.44,12:25:43,28.6077512,77.04057813,614.389,9,4,0,0,CMD,3394,SIMP,109035.5467,0,0,0,0,0,0,0,0,0,0,0,0,0,0
3394,12:25:44,495,C,S,N,N,611.492,23.686,8.44,12:25:44,28.6077494,77.04057796,611.492,9,4,0,0,CMD,3394,SIMP,108997.5835,0,0,0,0,0,0,0,0,0,0,0,0,0,0
3394,12:25:45,496,C,S,N,N,608.595,23.625,8.44,12:25:45,28.6077476,77.04057779,608.595,9,4,0,0,CMD,3394,SIMP,108959.6361,0,0,0,0,0,0,0,0,0,0,0,0,0,0
3394,12:25:46,497,C,S,N,N,605.698,23.6,8.43,12:25:46,28.6077458,77.04057762,605.698,9,4,0,0,CMD,3394,SIMP,108921.7043,0,0,0,0,0,0,0,0,0,0,0,0,0,0
3394,12:25:47,498,C,S,N,N,602.801,23.665,8.44,12:25:47,28.607744,77.04057745,602.801,9,4,0,0,CMD,3394,SIMP,108883.7883,0,0,0,0,0,0,0,0,0,0,0,0,0,0
3394,12:25:48,499,C,S,N,N,599.904,23.61,8.43,12:25:48,28.6077422,77.04057728,599.904,9,4,0,0,CMD,3394,SIMP,108845.888,0,0,0,0,0,0,0,0,0,0,0,0,0,0
3394,12:25:49,500,C,S,N,N,597.007,23.65,8.44,12:25:49,28.6077404,77.04057711,597.007,9,4,0,0,CMD,3394,SIMP,108808.0034,0,0,0,0,0,0,0,0,0,0,0,0,0,0
3394,12:25:50,501,C,S,N,N,594.11,23.66,8.44,12:25:50,28.6077386,77.04057694,594.11,9,4,0,0,CMD,3394,SIMP,108770.1345,0,0,0,0,0,0,0,0,0,0,0,0,0,0
3394,12:25:51,502,C,S,N,N,591.213,23.635,8.43,12:25:51,28.6077368,77.04057677,591.213,9,4,0,0,CMD,3394,SIMP,108732.2812,0,0,0,0,0,0,0,0,0,0,0,0,0,0
3394,12:25:52,503,C,S,N,N,588.316,23.682,8.44,12:25:52,28.607735,77.0405766,588.316,9,4,0,0,CMD,3394,SIMP,108694.4437,0,0,0,0,0,0,0,0,0,0,0,0,0,0
3394,12:25:53,504,C,S,N,N,585.419,23.678,8.44,12:25:53,28.6077332,77.04057643,585.419,9,4,0,0,CMD,3394,SIMP,108656.6218,0,0,0,0,0,0,0,0,0,0,0,0,0,0
3394,12:25:54,505,C,S,N,N,582.522,23.615,8.44,12:25:54,28.6077314,77.04057626,582.522,9,4,0,0,CMD,3394,SIMP,108618.8156,0,0,0,0,0,0,0,0,0,0,0,0,0,0
3394,12:25:55,506,C,S,N,N,579.625,23.661,8.43,12:25:55,28.6077296,77.04057609,579.625,9,4,0,0,CMD,3394,SIMP,108581.025,0,0,0,0,0,0,0,0,0,0,0,0,0,0
3394,12:25:56,507,C,S,N,N,576.728,23.669,8.43,12:25:56,28.6077278,77.04057592,576.728,9,4,0,0,CMD,3394,SIMP,108543.2501,0,0,0,0,0,0,0,0,0,0,0,0,0,0
3394,12:25:57,508,C,S,N,N,573.831,23.683,8.44,12:25:57,28.607726,77.04057575,573.831,9,4,0,0,CMD,3394,SIMP,108505.4909,0,0,0,0,0,0,0,0,0,0,0,0,0,0
3394,12:25:58,509,C,S,N,N,570.934,23.641,8.43,12:25:58,28.6077242,77.04057558,570.934,9,4,0,0,CMD,3394,SIMP,108467.7472,0,0,0,0,0,0,0,0,0,0,0,0,0,0
3394,12:25:59,510,C,S,N,N,568.037,23.635,8.43,12:25:59,28.6077224,77.04057541,568.037,9,4,0,0,CMD,3394,SIMP,108430.0192,0,0,0,0,0,0,0,0,0,0,0,0,0,0
3394,12:26:00,511,C,S,N,N,565.14,23.661,8.43,12:26:00,28.6077206,77.04057524,565.14,9,4,0,0,CMD,3394,SIMP,108392.3068,0,0,0,0,0,0,0,0,0,0,0,0,0,0
3394,12:26:01,512,C,S,N,N,562.243,23.632,8.43,12:26:01,28.6077188,77.04057507,562.243,9,4,0,0,CMD,3394,SIMP,108354.61,0,0,0,0,0,0,0,0,0,0,0,0,0,0
3394,12:26:02,513,C,S,N,N,559.346,23.651,8.44,12:26:02,28.607717,77.0405749,559.346,9,4,0,0,CMD,3394,SIMP,108316.9289,0,0,0,0,0,0,0,0,0,0,0,0,0,0
3394,12:26:03,514,C,S,N,N,556.449,23.645,8.43,12:26:03,28.6077152,77.04057473,556.449,9,4,0,0,CMD,3394,SIMP,108279.2633,0,0,0,0,0,0,0,0,0,0,0,0,0,0
3394,12:26:04,515,C,S,N,N,553.552,23.644,8.43,12:26:04,28.6077134,77.04057456,553.552,9,4,0,0,CMD,3394,SIMP,108241.6133,0,0,0,0,0,0,0,0,0,0,0,0,0,0
3394,12:26:05,516,C,S,N,N,550.655,23.617,8.43,12:26:05,28.6077116,77.04057439,550.655,9,4,0,0,CMD,3394,SIMP,108203.9789,0,0,0,0,0,0,0,0,0,0,0,0,0,0
3394,12:26:06,517,C,S,N,N,547.758,23.668,8.43,12:26:06,28.6077098,77.04057422,547.758,9,4,0,0,CMD,3394,SIMP,108166.3601,0,0,0,0,0,0,0,0,0,0,0,0,0,0
3394,12:26:07,518,C,S,N,N,544.861,23.64,8.44,12:26:07,28.607708,77.04057405,544.861,9,4,0,0,CMD,3394,SIMP,108128.7568,0,0,0,0,0,0,0,0,0,0,0,0,0,0
3394,12:26:08,519,C,S,N,N,541.964,23.614,8.43,12:26:08,28.6077062,77.04057388,541.964,9,4,0,0,CMD,3394,SIMP,108091.1691,0,0,0,0,0,0,0,0,0,0,0,0,0,0
3394,12:26:09,520,C,S,N,N,539.067,23.643,8.43,12:26:09,28.6077044,77.04057371,539.067,9,4,0,0,CMD,3394,SIMP,108053.5969,0,0,0,0,0,0,0,0,0,0,0,0,0,0
3394,12:26:10,521,C,S,N,N,536.17,23.643,8.43,12:26:10,28.6077026,77.04057354,536.17,9,4,0,0,CMD,3394,SIMP,108016.0403,0,0,0,0,0,0,0,0,0,0,0,0,0,0
3394,12:26:11,522,C,S,N,N,533.273,23.653,8.43,12:26:11,28.6077008,77.04057337,533.273,9,4,0,0,CMD,3394,SIMP,107978.4993,0,0,0,0,0,0,0,0,0,0,0,0,0,0
3394,12:26:12,523,C,S,N,N,530.376,23.633,8.44,12:26:12,28.607699,77.0405732,530.376,9,4,0,0,CMD,3394,SIMP,107940.9737,0,0,0,0,0,0,0,0,0,0,0,0,0,0
3394,12:26:13,524,C,S,N,N,527.479,23.669,8.43,12:26:13,28.6076972,77.04057303,527.479,9,4,0,0,CMD,3394,SIMP,107903.4637,0,0,0,0,0,0,0,0,0,0,0,0,0,0
3394,12:26:14,525,C,S,N,N,524.582,23.664,8.43,12:26:14,28.6076954,77.04057286,524.582,9,4,0,0,CMD,3394,SIMP,107865.9692,0,0,0,0,0,0,0,0,0,0,0,0,0,0
3394,12:26:15,526,C,S,N,N,521.685,23.674,8.44,12:26:15,28.6076936,77.04057269,521.685,9,4,0,0,CMD,3394,SIMP,107828.4902,0,0,0,0,0,0,0,0,0,0,0,0,0,0
3394,12:26:16,527,C,S,N,N,518.788,23.633,8.44,12:26:16,28.6076918,77.04057252,518.788,9,4,0,0,CMD,3394,SIMP,107791.0267,0,0,0,0,0,0,0,0,0,0,0,0,0,0
3394,12:26:17,528,C,S,N,N,515.891,23.618,8.44,12:26:17,28.60769,77.04057235,515.891,9,4,0,0,CMD,3394,SIMP,107753.5787,0,0,0,0,0,0,0,0,0,0,0,0,0,0
3394,12:26:18,529,C,S,N,N,512.994,23.63,8.43,12:26:18,28.6076882,77.04057218,512.994,9,4,0,0,CMD,3394,SIMP,107716.1461,0,0,0,0,0,0,0,0,0,0,0,0,0,0
3394,12:26:19,530,C,S,N,N,510.097,23.679,8.43,12:26:19,28.6076864,77.04057201,510.097,9,4,0,0,CMD,3394,SIMP,107678.7291,0,0,0,0,0,0,0,0,0,0,0,0,0,0
3394,12:26:20,531,C,S,N,N,507.2,23.649,8.44,12:26:20,28.6076846,77.04057184,507.2,9,4,0,0,CMD,3394,SIMP,107641.3275,0,0,0,0,0,0,0,0,0,0,0,0,0,0
3394,12:26:21,532,C,S,N,N,504.303,23.67,8.43,12:26:21,28.6076828,77.04057167,504.303,9,4,0,0,CMD,3394,SIMP,107603.9414,0,0,0,0,0,0,0,0,0,0,0,0,0,0
3394,12:26:22,533,C,S,N,N,501.406,23.642,8.44,12:26:22,28.607681,77.0405715,501.406,9,4,0,0,CMD,3394,SIMP,107566.5707,0,0,0,0,0,0,0,0,0,0,0,0,0,0
3394,12:26:23,534,C,S,Y,N,498.509,23.642,8.43,12:26:23,28.6076792,77.04057133,498.509,9,5,0,0,CMD,3394,SIMP,107529.2155,0,0,0,0,0,0,0,0,0,0,0,0,0,0
3394,12:26:24,535,C,S,Y,N,496.213,23.681,8.43,12:26:24,28.6076774,77.04057116,496.213,9,5,1,0,CMD,3394,SIMP,107499.6208,3394,12:26:24,1,S1,496.213,23.675,5.43,0,0,0,0,0,0,0
3394,12:26:25,536,C,S,Y,N,493.917,23.607,8.44,12:26:25,28.6076756,77.04057099,493.917,9,5,2,0,CMD,3394,SIMP,107470.0358,3394,12:26:25,2,S1,494.917,23.663,17.78,0,0,0,0,0,0,0
3394,12:26:26,537,C,S,Y,N,491.621,23.61,8.43,12:26:26,28.6076738,77.04057082,491.621,9,5,3,0,CMD,3394,SIMP,107440.4606,3394,12:26:26,3,S1,493.621,23.619,30.13,0,0,0,0,0,0,0
3394,12:26:27,538,C,S,Y,N,489.325,23.654,8.43,12:26:27,28.607672,77.04057065,489.325,9,5,4,0,CMD,3394,SIMP,107410.8949,3394,12:26:27,4,S1,492.325,23.677,42.48,0,0,0,0,0,0,0
3394,12:26:28,539,C,S,Y,N,487.029,23.646,8.44,12:26:28,28.6076702,77.04057048,487.029,9,5,5,0,CMD,3394,SIMP,107381.339,3394,12:26:28,5,S1,491.029,23.673,54.83,0,0,0,0,0,0,0
3394,12:26:29,540,C,S,Y,N,484.733,23.642,8.43,12:26:29,28.6076684,77.04057031,484.733,9,5,6,0,CMD,3394,SIMP,107351.7928,3394,12:26:29,6,S1,489.733,23.621,67.18,0,0,0,0,0,0,0
3394,12:26:30,541,C,S,Y,N,482.437,23.633,8.44,12:26:30,28.6076666,77.04057014,482.437,9,5,7,0,CMD,3394,SIMP,107322.2562,3394,12:26:30,7,S1,488.437,23.665,79.53,0,0,0,0,0,0,0
3394,12:26:31,542,C,S,Y,N,480.141,23.665,8.44,12:26:31,28.6076648,77.04056997,480.141,9,5,8,0,CMD,3394,SIMP,107292.7293,3394,12:26:31,8,S1,487.141,23.673,91.88,0,0,0,0,0,0,0
3394,12:26:32,543,C,S,Y,N,477.845,23.699,8.44,12:26:32,28.607663,77.0405698,477.845,9,5,9,0,CMD,3394,SIMP,107263.2121,3394,12:26:32,9,S1,485.845,23.684,104.23,0,0,0,0,0,0,0
3394,12:26:33,544,C,S,Y,N,475.549,23.672,8.44,12:26:33,28.6076612,77.04056963,475.549,9,5,10,0,CMD,3394,SIMP,107233.7045,3394,12:26:33,10,S1,484.549,23.623,116.58,0,0,0,0,0,0,0
3394,12:26:34,545,C,S,Y,N,473.253,23.631,8.44,12:26:34,28.6076594,77.04056946,473.253,9,5,11,0,CMD,3394,SIMP,107204.2066,3394,12:26:34,11,S1,483.253,23.624,128.93,0,0,0,0,0,0,0
3394,12:26:35,546,C,S,Y,N,470.957,23.69,8.43,12:26:35,28.6076576,77.04056929,470.957,9,5,12,0,CMD,3394,SIMP,107174.7184,3394,12:26:35,12,S1,481.957,23.638,141.28,0,0,0,0,0,0,0
3394,12:26:36,547,C,S,Y,N,468.661,23.664,8.44,12:26:36,28.6076558,77.04056912,468.661,9,5,13,0,CMD,3394,SIMP,107145.2398,3394,12:26:36,13,S1,480.661,23.607,153.63,0,0,0,0,0,0,0
3394,12:26:37,548,C,S,Y,N,466.365,23.626,8.44,12:26:37,28.607654,77.04056895,466.365,9,5,14,0,CMD,3394,SIMP,107115.7708,3394,12:26:37,14,S1,479.365,23.636,165.98,0,0,0,0,0,0,0
3394,12:26:38,549,C,S,Y,N,464.069,23.69,8.44,12:26:38,28.6076522,77.04056878,464.069,9,5,15,0,CMD,3394,SIMP,107086.3115,3394,12:26:38,15,S1,478.069,23.652,178.33,0,0,0,0,0,0,0
3394,12:26:39,550,C,S,Y,N,461.773,23.672,8.43,12:26:39,28.6076504,77.04056861,461.773,9,5,16,0,CMD,3394,SIMP,107056.8619,3394,12:26:39,16,S1,476.773,23.642,190.68,0,0,0,0,0,0,0
3394,12:26:40,551,C,S,Y,N,459.477,23.668,8.43,12:26:40,28.6076486,77.04056844,459.477,9,5,17,0,CMD,3394,SIMP,107027.4219,3394,12:26:40,17,S1,475.477,23.666,203.03,0,0,0,0,0,0,0
3394,12:26:41,552,C,S,Y,N,457.181,23.648,8.43,12:26:41,28.6076468,77.04056827,457.181,9,5,18,0,CMD,3394,SIMP,106997.9915,3394,12:26:41,18,S1,474.181,23.659,215.38,0,0,0,0,0,0,0
3394,12:26:42,553,C,S,Y,N,454.885,23.611,8.43,12:26:42,28.607645,77.0405681,454.885,9,5,19,0,CMD,3394,SIMP,106968.5708,3394,12:26:42,19,S1,472.885,23.604,227.73,0,0,0,0,0,0,0
3394,12:26:43,554,C,S,Y,N,452.589,23.672,8.44,12:26:43,28.6076432,77.04056793,452.589,9,5,20,0,CMD,3394,SIMP,106939.1597,3394,12:26:43,20,S1,471.589,23.645,240.08,0,0,0,0,0,0,0
3394,12:26:44,555,C,S,Y,N,450.293,23.692,8.44,12:26:44,28.6076414,77.04056776,450.293,9,5,21,0,CMD,3394,SIMP,106909.7582,3394,12:26:44,21,S1,470.293,23.642,252.43,0,0,0,0,0,0,0
3394,12:26:45,556,C,S,Y,N,447.997,23.608,8.43,12:26:45,28.6076396,77.04056759,447.997,9,5,22,0,CMD,3394,SIMP,106880.3663,3394,12:26:45,22,S1,468.997,23.625,264.78,0,0,0,0,0,0,0
3394,12:26:46,557,C,S,Y,N,445.701,23.675,8.44,12:26:46,28.6076378,77.04056742,445.701,9,5,23,0,CMD,3394,SIMP,106850.9841,3394,12:26:46,23,S1,467.701,23.608,277.13,0,0,0,0,0,0,0
3394,12:26:47,558,C,S,Y,N,443.405,23.7,8.43,12:26:47,28.607636,77.04056725,443.405,9,5,24,0,CMD,3394,SIMP,106821.6114,3394,12:26:47,24,S1,466.405,23.649,289.48,0,0,0,0,0,0,0
3394,12:26:48,559,C,S,Y,N,441.109,23.623,8.44,12:26:48,28.6076342,77.04056708,441.109,9,5,25,0,CMD,3394,SIMP,106792.2484,3394,12:26:48,25,S1,465.109,23.62,301.83,0,0,0,0,0,0,0
3394,12:26:49,560,C,S,Y,N,438.813,23.65,8.44,12:26:49,28.6076324,77.04056691,438.813,9,5,26,0,CMD,3394,SIMP,106762.895,3394,12:26:49,26,S1,463.813,23.643,314.18,0,0,0,0,0,0,0
3394,12:26:50,561,C,S,Y,N,436.517,23.661,8.44,12:26:50,28.6076306,77.04056674,436.517,9,5,27,0,CMD,3394,SIMP,106733.5512,3394,12:26:50,27,S1,462.517,23.636,326.53,0,0,0,0,0,0,0
3394,12:26:51,562,C,S,Y,N,434.221,23.68,8.44,12:26:51,28.6076288,77.04056657,434.221,9,5,28,0,CMD,3394,SIMP,106704.2169,3394,12:26:51,28,S1,461.221,23.672,338.88,0,0,0,0,0,0,0
3394,12:26:52,563,C,S,Y,N,431.925,23.672,8.44,12:26:52,28.607627,77.0405664,431.925,9,5,29,0,CMD,3394,SIMP,106674.8923,3394,12:26:52,29,S1,459.925,23.665,351.23,0,0,0,0,0,0,0
3394,12:26:53,564,C,S,Y,N,429.629,23.677,8.44,12:26:53,28.6076252,77.04056623,429.629,9,5,30,0,CMD,3394,SIMP,106645.5773,3394,12:26:53,30,S1,458.629,23.673,363.58,0,0,0,0,0,0,0
3394,12:26:54,565,C,S,Y,N,427.333,23.661,8.44,12:26:54,28.6076234,77.04056606,427.333,9,5,31,0,CMD,3394,SIMP,106616.2719,3394,12:26:54,31,S1,457.333,23.668,375.93,0,0,0,0,0,0,0
3394,12:26:55,566,C,S,Y,N,425.037,23.624,8.44,12:26:55,28.6076216,77.04056589,425.037,9,5,32,0,CMD,3394,SIMP,106586.976,3394,12:26:55,32,S1,456.037,23.672,377.54,0,0,0,0,0,0,0
3394,12:26:56,567,C,S,Y,N,422.741,23.641,8.44,12:26:56,28.6076198,77.04056572,422.741,9,5,33,0,CMD,3394,SIMP,106557.6897,3394,12:26:56,33,S1,454.741,23.68,380.27,0,0,0,0,0,0,0
3394,12:26:57,568,C,S,Y,N,420.445,23.651,8.43,12:26:57,28.607618,77.04056555,420.445,9,5,34,0,CMD,3394,SIMP,106528.413,3394,12:26:57,34,S1,453.445,23.606,379.97,0,0,0,0,0,0,0
3394,12:26:58,569,C,S,Y,N,418.149,23.611,8.43,12:26:58,28.6076162,77.04056538,418.149,9,5,35,0,CMD,3394,SIMP,106499.1459,3394,12:26:58,35,S1,452.149,23.681,381.54,0,0,0,0,0,0,0
3394,12:26:59,570,C,S,Y,N,415.853,23.629,8.43,12:26:59,28.6076144,77.04056521,415.853,9,5,36,0,CMD,3394,SIMP,106469.8884,3394,12:26:59,36,S1,450.853,23.624,381.63,0,0,0,0,0,0,0
3394,12:27:00,571,C,S,Y,N,413.557,23.601,8.43,12:27:00,28.6076126,77.04056504,413.557,9,5,37,0,CMD,3394,SIMP,106440.6404,3394,12:27:00,37,S1,449.557,23.692,380.91,0,0,0,0,0,0,0
3394,12:27:01,572,C,S,Y,N,411.261,23.604,8.43,12:27:01,28.6076108,77.04056487,411.261,9,5,38,0,CMD,3394,SIMP,106411.402,3394,12:27:01,38,S1,448.261,23.646,379.88,0,0,0,0,0,0,0
3394,12:27:02,573,C,S,Y,N,408.965,23.669,8.44,12:27:02,28.607609,77.0405647,408.965,9,5,39,0,CMD,3394,SIMP,106382.1731,3394,12:27:02,39,S1,446.965,23.6,380.29,0,0,0,0,0,0,0
3394,12:27:03,574,C,S,Y,N,406.669,23.613,8.43,12:27:03,28.6076072,77.04056453,406.669,9,5,40,0,CMD,3394,SIMP,106352.9538,3394,12:27:03,40,S1,445.669,23.646,380.25,0,0,0,0,0,0,0
3394,12:27:04,575,C,S,Y,N,404.373,23.684,8.43,12:27:04,28.6076054,77.04056436,404.373,9,5,41,0,CMD,3394,SIMP,106323.744,3394,12:27:04,41,S1,444.373,23.653,381.4,0,0,0,0,0,0,0
3394,12:27:05,576,C,S,Y,N,402.077,23.693,8.43,12:27:05,28.6076036,77.04056419,402.077,9,5,42,0,CMD,3394,SIMP,106294.5438,3394,12:27:05,42,S1,443.077,23.628,379.63,0,0,0,0,0,0,0
3394,12:27:06,577,C,S,Y,Y,399.781,23.664,8.44,12:27:06,28.6076018,77.04056402,399.781,9,5,43,0,CMD,3394,SIMP,106265.3532,3394,12:27:06,43,S1,441.781,23.627,380.32,0,0,0,0,0,0,0
3394,12:27:07,578,C,S,Y,Y,398.1,23.65,8.44,12:27:07,28.6076,77.04056385,398.1,9,5,44,1,CMD,3394,SIMP,106243.9875,3394,12:27:07,44,S1,440.485,23.657,379.86,3394,12:27:07,1,S2,398.1,23.671,5.21
3394,12:27:08,579,C,S,Y,Y,396.419,23.681,8.43,12:27:08,28.6075982,77.04056368,396.419,9,5,45,2,CMD,3394,SIMP,106222.6269,3394,12:27:08,45,S1,439.189,23.7,380.29,3394,12:27:08,2,S2,396.81,23.659,16.98
3394,12:27:09,580,C,S,Y,Y,394.738,23.617,8.44,12:27:09,28.6075964,77.04056351,394.738,9,5,46,3,CMD,3394,SIMP,106201.2715,3394,12:27:09,46,S1,437.893,23.699,381.33,3394,12:27:09,3,S2,395.52,23.676,28.75
3394,12:27:10,581,C,S,Y,Y,393.057,23.661,8.44,12:27:10,28.6075946,77.04056334,393.057,9,5,47,4,CMD,3394,SIMP,106179.9211,3394,12:27:10,47,S1,436.597,23.637,379.06,3394,12:27:10,4,S2,394.23,23.674,40.52
3394,12:27:11,582,C,S,Y,Y,391.376,23.659,8.43,12:27:11,28.6075928,77.04056317,391.376,9,5,48,5,CMD,3394,SIMP,106158.5759,3394,12:27:11,48,S1,435.301,23.658,380.22,3394,12:27:11,5,S2,392.94,23.641,52.29
3394,12:27:12,583,C,S,Y,Y,389.695,23.641,8.44,12:27:12,28.607591,77.040563,389.695,9,5,49,6,CMD,3394,SIMP,106137.2357,3394,12:27:12,49,S1,434.005,23.693,379.97,3394,12:27:12,6,S2,391.65,23.659,64.06
3394,12:27:13,584,C,S,Y,Y,388.014,23.683,8.44,12:27:13,28.6075892,77.04056283,388.014,9,5,50,7,CMD,3394,SIMP,106115.9007,3394,12:27:13,50,S1,432.709,23.667,380.2,3394,12:27:13,7,S2,390.36,23.626,75.83
3394,12:27:14,585,C,S,Y,Y,386.333,23.629,8.43,12:27:14,28.6075874,77.04056266,386.333,9,5,51,8,CMD,3394,SIMP,106094.5708,3394,12:27:14,51,S1,431.413,23.642,381.23,3394,12:27:14,8,S2,389.07,23.68,87.6
3394,12:27:15,586,C,S,Y,Y,384.652,23.634,8.44,12:27:15,28.6075856,77.04056249,384.652,9,5,52,9,CMD,3394,SIMP,106073.246,3394,12:27:15,52,S1,430.117,23.657,380.83,3394,12:27:15,9,S2,387.78,23.618,99.37
3394,12:27:16,587,C,S,Y,Y,382.971,23.603,8.44,12:27:16,28.6075838,77.04056232,382.971,9,5,53,10,CMD,3394,SIMP,106051.9263,3394,12:27:16,53,S1,428.821,23.607,379.38,3394,12:27:16,10,S2,386.49,23.641,111.14
3394,12:27:17,588,C,S,Y,Y,381.2899999,23.624,8.43,12:27:17,28.607582,77.04056215,381.2899999,9,5,54,11,CMD,3394,SIMP,106030.6116,3394,12:27:17,54,S1,427.525,23.612,380.17,3394,12:27:17,11,S2,385.2,23.606,122.91
3394,12:27:18,589,C,S,Y,Y,379.6089999,23.603,8.44,12:27:18,28.6075802,77.04056198,379.6089999,9,5,55,12,CMD,3394,SIMP,106009.3021,3394,12:27:18,55,S1,426.229,23.667,381.35,3394,12:27:18,12,S2,383.91,23.606,134.68
3394,12:27:19,590,C,S,Y,Y,377.9279999,23.637,8.43,12:27:19,28.6075784,77.04056181,377.9279999,9,5,56,13,CMD,3394,SIMP,105987.9977,3394,12:27:19,56,S1,424.933,23.689,380.99,3394,12:27:19,13,S2,382.62,23.68,146.45
3394,12:27:20,591,C,S,Y,Y,376.2469999,23.61,8.43,12:27:20,28.6075766,77.04056164,376.2469999,9,5,57,14,CMD,3394,SIMP,105966.6984,3394,12:27:20,57,S1,423.637,23.697,380.44,3394,12:27:20,14,S2,381.33,23.66,158.22
3394,12:27:21,592,C,S,Y,Y,374.5659999,23.653,8.43,12:27:21,28.6075748,77.04056147,374.5659999,9,5,58,15,CMD,3394,SIMP,105945.4042,3394,12:27:21,58,S1,422.341,23.606,380.29,3394,12:27:21,15,S2,380.04,23.658,169.99
3394,12:27:22,593,C,S,Y,Y,372.8849999,23.627,8.44,12:27:22,28.607573,77.0405613,372.8849999,9,5,59,16,CMD,3394,SIMP,105924.115,3394,12:27:22,59,S1,421.045,23.606,380.54,3394,12:27:22,16,S2,378.75,23.637,181.76
3394,12:27:23,594,C,S,Y,Y,371.2039999,23.614,8.43,12:27:23,28.6075712,77.04056113,371.2039999,9,5,60,17,CMD,3394,SIMP,105902.831,3394,12:27:23,60,S1,419.749,23.678,380.71,3394,12:27:23,17,S2,377.46,23.666,193.53
3394,12:27:24,595,C,S,Y,Y,369.5229999,23.669,8.43,12:27:24,28.6075694,77.04056096,369.5229999,9,5,61,18,CMD,3394,SIMP,105881.552,3394,12:27:24,61,S1,418.453,23.612,381.78,3394,12:27:24,18,S2,376.17,23.687,205.3
3394,12:27:25,596,C,S,Y,Y,367.8419999,23.617,8.44,12:27:25,28.6075676,77.04056079,367.8419999,9,5,62,19,CMD,3394,SIMP,105860.2782,3394,12:27:25,62,S1,417.157,23.687,380.1,3394,12:27:25,19,S2,374.88,23.672,217.07
3394,12:27:26,597,C,S,Y,Y,366.1609999,23.699,8.44,12:27:26,28.6075658,77.04056062,366.1609999,9,5,63,20,CMD,3394,SIMP,105839.0094,3394,12:27:26,63,S1,415.861,23.697,381.59,3394,12:27:26,20,S2,373.59,23.663,228.84
3394,12:27:27,598,C,S,Y,Y,364.4799999,23.7,8.44,12:27:27,28.607564,77.04056045,364.4799999,9,5,64,21,CMD,3394,SIMP,105817.7457,3394,12:27:27,64,S1,414.565,23.666,379.49,3394,12:27:27,21,S2,372.3,23.646,240.61
3394,12:27:28,599,C,S,Y,Y,362.7989999,23.615,8.44,12:27:28,28.6075622,77.04056028,362.7989999,9,5,65,22,CMD,3394,SIMP,105796.4871,3394,12:27:28,65,S1,413.269,23.656,380.09,3394,12:27:28,22,S2,371.01,23.675,252.38
3394,12:27:29,600,C,S,Y,Y,361.1179999,23.632,8.43,12:27:29,28.6075604,77.04056011,361.1179999,9,5,66,23,CMD,3394,SIMP,105775.2336,3394,12:27:29,66,S1,411.973,23.625,379.55,3394,12:27:29,23,S2,369.72,23.651,264.15
3394,12:27:30,601,C,S,Y,Y,359.4369999,23.636,8.44,12:27:30,28.6075586,77.04055994,359.4369999,9,5,67,24,CMD,3394,SIMP,105753.9851,3394,12:27:30,67,S1,410.677,23.682,381.81,3394,12:27:30,24,S2,368.43,23.628,275.92
3394,12:27:31,602,C,S,Y,Y,357.7559999,23.691,8.44,12:27:31,28.6075568,77.04055977,357.7559999,9,5,68,25,CMD,3394,SIMP,105732.7418,3394,12:27:31,68,S1,409.381,23.602,380.72,3394,12:27:31,25,S2,367.14,23.638,287.69
3394,12:27:32,603,C,S,Y,Y,356.0749999,23.632,8.44,12:27:32,28.607555,77.0405596,356.0749999,9,5,69,26,CMD,3394,SIMP,105711.5035,3394,12:27:32,69,S1,408.085,23.686,379.55,3394,12:27:32,26,S2,365.85,23.615,299.46
3394,12:27:33,604,C,S,Y,Y,354.3939999,23.608,8.43,12:27:33,28.6075532,77.04055943,354.3939999,9,5,70,27,CMD,3394,SIMP,105690.2703,3394,12:27:33,70,S1,406.789,23.604,381.24,3394,12:27:33,27,S2,364.56,23.69,311.23
3394,12:27:34,605,C,S,Y,Y,352.7129999,23.604,8.44,12:27:34,28.6075514,77.04055926,352.7129999,9,5,71,28,CMD,3394,SIMP,105669.0421,3394,12:27:34,71,S1,405.493,23.623,379.74,3394,12:27:34,28,S2,363.27,23.616,323
3394,12:27:35,606,C,S,Y,Y,351.0319999,23.663,8.44,12:27:35,28.6075496,77.04055909,351.0319999,9,5,72,29,CMD,3394,SIMP,105647.8191,3394,12:27:35,72,S1,404.197,23.61,381.39,3394,12:27:35,29,S2,361.98,23.615,334.77
3394,12:27:36,607,C,S,Y,Y,349.3509999,23.656,8.44,12:27:36,28.6075478,77.04055892,349.3509999,9,5,73,30,CMD,3394,SIMP,105626.6011,3394,12:27:36,73,S1,402.901,23.674,380.4,3394,12:27:36,30,S2,360.69,23.684,346.54
3394,12:27:37,608,C,S,Y,Y,347.6699998,23.635,8.43,12:27:37,28.607546,77.04055875,347.6699998,9,5,74,31,CMD,3394,SIMP,105605.3882,3394,12:27:37,74,S1,401.605,23.646,379.85,3394,12:27:37,31,S2,359.4,23.65,358.31
3394,12:27:38,609,C,S,Y,Y,345.9889998,23.665,8.44,12:27:38,28.6075442,77.04055858,345.9889998,9,5,75,32,CMD,3394,SIMP,105584.1804,3394,12:27:38,75,S1,400.309,23.641,381.94,3394,12:27:38,32,S2,358.11,23.602,370.08
3394,12:27:39,610,C,S,Y,Y,344.3079998,23.604,8.44,12:27:39,28.6075424,77.04055841,344.3079998,9,5,76,33,CMD,3394,SIMP,105562.9776,3394,12:27:39,76,S1,399.013,23.603,380.88,3394,12:27:39,33,S2,356.82,23.659,381.85
3394,12:27:40,611,C,S,Y,Y,342.6269998,23.646,8.44,12:27:40,28.6075406,77.04055824,342.6269998,9,5,77,34,CMD,3394,SIMP,105541.7799,3394,12:27:40,77,S1,397.717,23.628,379.69,3394,12:27:40,34,S2,355.53,23.695,379.32
3394,12:27:41,612,C,S,Y,Y,340.9459998,23.686,8.44,12:27:41,28.6075388,77.04055807,340.9459998,9,5,78,35,CMD,3394,SIMP,105520.5873,3394,12:27:41,78,S1,396.421,23.663,379.29,3394,12:27:41,35,S2,354.24,23.656,379.27
3394,12:27:42,613,C,S,Y,Y,339.2649998,23.607,8.44,12:27:42,28.607537,77.0405579,339.2649998,9,5,79,36,CMD,3394,SIMP,105499.3997,3394,12:27:42,79,S1,395.125,23.642,380.25,3394,12:27:42,36,S2,352.95,23.694,379.91
3394,12:27:43,614,C,S,Y,Y,337.5839998,23.625,8.44,12:27:43,28.6075352,77.04055773,337.5839998,9,5,80,37,CMD,3394,SIMP,105478.2172,3394,12:27:43,80,S1,393.829,23.671,380.55,3394,12:27:43,37,S2,351.66,23.687,379.23
3394,12:27:44,615,C,S,Y,Y,335.9029998,23.632,8.43,12:27:44,28.6075334,77.04055756,335.9029998,9,5,81,38,CMD,3394,SIMP,105457.0397,3394,12:27:44,81,S1,392.533,23.649,379.41,3394,12:27:44,38,S2,350.37,23.611,380
3394,12:27:45,616,C,S,Y,Y,334.2219998,23.641,8.43,12:27:45,28.6075316,77.04055739,334.2219998,9,5,82,39,CMD,3394,SIMP,105435.8674,3394,12:27:45,82,S1,391.237,23.657,380.39,3394,12:27:45,39,S2,349.08,23.651,380
3394,12:27:46,617,C,S,Y,Y,332.5409998,23.689,8.44,12:27:46,28.6075298,77.04055722,332.5409998,9,5,83,40,CMD,3394,SIMP,105414.7,3394,12:27:46,83,S1,389.941,23.679,381.72,3394,12:27:46,40,S2,347.79,23.602,379.1
3394,12:27:47,618,C,S,Y,Y,330.8599998,23.689,8.44,12:27:47,28.607528,77.04055705,330.8599998,9,5,84,41,CMD,3394,SIMP,105393.5378,3394,12:27:47,84,S1,388.645,23.624,379.33,3394,12:27:47,41,S2,346.5,23.635,379.51
3394,12:27:48,619,C,S,Y,Y,329.1789998,23.647,8.44,12:27:48,28.6075262,77.04055688,329.1789998,9,5,85,42,CMD,3394,SIMP,105372.3806,3394,12:27:48,85,S1,387.349,23.644,380.72,3394,12:27:48,42,S2,345.21,23.63,380.28
3394,12:27:49,620,C,S,Y,Y,327.4979998,23.696,8.44,12:27:49,28.6075244,77.04055671,327.4979998,9,5,86,43,CMD,3394,SIMP,105351.2284,3394,12:27:49,86,S1,386.053,23.643,379.5,3394,12:27:49,43,S2,343.92,23.655,380.12
3394,12:27:50,621,C,S,Y,Y,325.8169998,23.628,8.44,12:27:50,28.6075226,77.04055654,325.8169998,9,5,87,44,CMD,3394,SIMP,105330.0813,3394,12:27:50,87,S1,384.757,23.633,381.64,3394,12:27:50,44,S2,342.63,23.658,380.76
3394,12:27:51,622,C,S,Y,Y,324.1359998,23.693,8.43,12:27:51,28.6075208,77.04055637,324.1359998,9,5,88,45,CMD,3394,SIMP,105308.9393,3394,12:27:51,88,S1,383.461,23.632,379.14,3394,12:27:51,45,S2,341.34,23.656,380.26
3394,12:27:52,623,C,S,Y,Y,322.4549998,23.615,8.43,12:27:52,28.607519,77.0405562,322.4549998,9,5,89,46,CMD,3394,SIMP,105287.8023,3394,12:27:52,89,S1,382.165,23.625,380.26,3394,12:27:52,46,S2,340.05,23.696,380.7
3394,12:27:53,624,C,S,Y,Y,320.7739998,23.649,8.43,12:27:53,28.6075172,77.04055603,320.7739998,9,5,90,47,CMD,3394,SIMP,105266.6703,3394,12:27:53,90,S1,380.869,23.607,381.9,3394,12:27:53,47,S2,338.76,23.651,379.55
3394,12:27:54,625,C,S,Y,Y,319.0929998,23.629,8.44,12:27:54,28.6075154,77.04055586,319.0929998,9,5,91,48,CMD,3394,SIMP,105245.5434,3394,12:27:54,91,S1,379.573,23.649,381.84,3394,12:27:54,48,S2,337.47,23.685,379.72
3394,12:27:55,626,C,S,Y,Y,317.4119998,23.693,8.43,12:27:55,28.6075136,77.04055569,317.4119998,9,5,92,49,CMD,3394,SIMP,105224.4216,3394,12:27:55,92,S1,378.277,23.647,380.5,3394,12:27:55,49,S2,336.18,23.635,381.1
3394,12:27:56,627,C,S,Y,Y,315.7309997,23.638,8.43,12:27:56,28.6075118,77.04055552,315.7309997,9,5,93,50,CMD,3394,SIMP,105203.3048,3394,12:27:56,93,S1,376.981,23.612,381.97,3394,12:27:56,50,S2,334.89,23.614,379.72
3394,12:27:57,628,C,S,Y,Y,314.0499997,23.7,8.43,12:27:57,28.60751,77.04055535,314.0499997,9,5,94,51,CMD,3394,SIMP,105182.193,3394,12:27:57,94,S1,375.685,23.652,381.67,3394,12:27:57,51,S2,333.6,23.657,380.26
3394,12:27:58,629,C,S,Y,Y,312.3689997,23.697,8.43,12:27:58,28.6075082,77.04055518,312.3689997,9,5,95,52,CMD,3394,SIMP,105161.0863,3394,12:27:58,95,S1,374.389,23.695,381.13,3394,12:27:58,52,S2,332.31,23.608,379.44
3394,12:27:59,630,C,S,Y,Y,310.6879997,23.64,8.43,12:27:59,28.6075064,77.04055501,310.6879997,9,5,96,53,CMD,3394,SIMP,105139.9846,3394,12:27:59,96,S1,373.093,23.686,379.41,3394,12:27:59,53,S2,331.02,23.67,381.8
3394,12:28:00,631,C,S,Y,Y,309.0069997,23.624,8.43,12:28:00,28.6075046,77.04055484,309.0069997,9,5,97,54,CMD,3394,SIMP,105118.888,3394,12:28:00,97,S1,371.797,23.62,380.14,3394,12:28:00,54,S2,329.73,23.658,380.4
3394,12:28:01,632,C,S,Y,Y,307.3259997,23.668,8.44,12:28:01,28.6075028,77.04055467,307.3259997,9,5,98,55,CMD,3394,SIMP,105097.7964,3394,12:28:01,98,S1,370.501,23.694,381.67,3394,12:28:01,55,S2,328.44,23.665,380.85
3394,12:28:02,633,C,S,Y,Y,305.6449997,23.632,8.44,12:28:02,28.607501,77.0405545,305.6449997,9,5,99,56,CMD,3394,SIMP,105076.7098,3394,12:28:02,99,S1,369.205,23.671,380.68,3394,12:28:02,56,S2,327.15,23.639,381.36
3394,12:28:03,634,C,S,Y,Y,303.9639997,23.664,8.43,12:28:03,28.6074992,77.04055433,303.9639997,9,5,100,57,CMD,3394,SIMP,105055.6283,3394,12:28:03,100,S1,367.909,23.638,380.1,3394,12:28:03,57,S2,325.86,23.689,380.71
3394,12:28:04,635,C,S,Y,Y,302.2829997,23.61,8.43,12:28:04,28.6074974,77.04055416,302.2829997,9,5,101,58,CMD,3394,SIMP,105034.5518,3394,12:28:04,101,S1,366.613,23.682,380.98,3394,12:28:04,58,S2,324.57,23.608,381.78
3394,12:28:05,636,C,S,Y,Y,300.6019997,23.691,8.43,12:28:05,28.6074956,77.04055399,300.6019997,9,5,102,59,CMD,3394,SIMP,105013.4804,3394,12:28:05,102,S1,365.317,23.669,380.13,3394,12:28:05,59,S2,323.28,23.629,381.24
3394,12:28:06,637,C,S,Y,Y,298.9209997,23.62,8.43,12:28:06,28.6074938,77.04055382,298.9209997,9,5,103,60,CMD,3394,SIMP,104992.4139,3394,12:28:06,103,S1,364.021,23.634,381.38,3394,12:28:06,60,S2,321.99,23.664,381.63
3394,12:28:07,638,C,S,Y,Y,297.2399997,23.694,8.44,12:28:07,28.607492,77.04055365,297.2399997,9,5,104,61,CMD,3394,SIMP,104971.3525,3394,12:28:07,104,S1,362.725,23.629,380.31,3394,12:28:07,61,S2,320.7,23.637,381.91
3394,12:28:08,639,C,S,Y,Y,295.5589997,23.642,8.44,12:28:08,28.6074902,77.04055348,295.5589997,9,5,105,62,CMD,3394,SIMP,104950.2962,3394,12:28:08,105,S1,361.429,23.615,381.25,3394,12:28:08,62,S2,319.41,23.623,381.48
3394,12:28:09,640,C,S,Y,Y,293.8779997,23.7,8.44,12:28:09,28.6074884,77.04055331,293.8779997,9,5,106,63,CMD,3394,SIMP,104929.2448,3394,12:28:09,106,S1,360.133,23.696,381.26,3394,12:28:09,63,S2,318.12,23.667,381.8
3394,12:28:10,641,C,S,Y,Y,292.1969997,23.667,8.43,12:28:10,28.6074866,77.04055314,292.1969997,9,5,107,64,CMD,3394,SIMP,104908.1985,3394,12:28:10,107,S1,358.837,23.603,381.63,3394,12:28:10,64,S2,316.83,23.688,380.54
3394,12:28:11,642,C,S,Y,Y,290.5159997,23.632,8.43,12:28:11,28.6074848,77.04055297,290.5159997,9,5,108,65,CMD,3394,SIMP,104887.1572,3394,12:28:11,108,S1,357.541,23.609,380.4,3394,12:28:11,65,S2,315.54,23.679,381.6
3394,12:28:12,643,C,S,Y,Y,288.8349997,23.657,8.44,12:28:12,28.607483,77.0405528,288.8349997,9,5,109,66,CMD,3394,SIMP,104866.121,3394,12:28:12,109,S1,356.245,23.691,381.33,3394,12:28:12,66,S2,314.25,23.65,380.83
3394,12:28:13,644,C,S,Y,Y,287.1539997,23.689,8.44,12:28:13,28.6074812,77.04055263,287.1539997,9,5,110,67,CMD,3394,SIMP,104845.0897,3394,12:28:13,110,S1,354.949,23.677,380.31,3394,12:28:13,67,S2,312.96,23.678,380.65
3394,12:28:14,645,C,S,Y,Y,285.4729997,23.681,8.43,12:28:14,28.6074794,77.04055246,285.4729997,9,5,111,68,CMD,3394,SIMP,104824.0635,3394,12:28:14,111,S1,353.653,23.684,379.12,3394,12:28:14,68,S2,311.67,23.62,381.39
3394,12:28:15,646,C,S,Y,Y,283.7919996,23.667,8.44,12:28:15,28.6074776,77.04055229,283.7919996,9,5,112,69,CMD,3394,SIMP,104803.0423,3394,12:28:15,112,S1,352.357,23.665,381.94,3394,12:28:15,69,S2,310.38,23.644,381.02
3394,12:28:16,647,C,S,Y,Y,282.1109996,23.681,8.43,12:28:16,28.6074758,77.04055212,282.1109996,9,5,113,70,CMD,3394,SIMP,104782.0261,3394,12:28:16,113,S1,351.061,23.687,380.88,3394,12:28:16,70,S2,309.09,23.636,379.72
3394,12:28:17,648,C,S,Y,Y,280.4299996,23.664,8.43,12:28:17,28.607474,77.04055195,280.4299996,9,5,114,71,CMD,3394,SIMP,104761.0149,3394,12:28:17,114,S1,349.765,23.67,379.91,3394,12:28:17,71,S2,307.8,23.645,380.23
3394,12:28:18,649,C,S,Y,Y,278.7489996,23.638,8.44,12:28:18,28.6074722,77.04055178,278.7489996,9,5,115,72,CMD,3394,SIMP,104740.0088,3394,12:28:18,115,S1,348.469,23.626,380.21,3394,12:28:18,72,S2,306.51,23.665,380.69
3394,12:28:19,650,C,S,Y,Y,277.0679996,23.604,8.43,12:28:19,28.6074704,77.04055161,277.0679996,9,5,116,73,CMD,3394,SIMP,104719.0076,3394,12:28:19,116,S1,347.173,23.682,379.32,3394,12:28:19,73,S2,305.22,23.691,380.98
3394,12:28:20,651,C,S,Y,Y,275.3869996,23.625,8.44,12:28:20,28.6074686,77.04055144,275.3869996,9,5,117,74,CMD,3394,SIMP,104698.0115,3394,12:28:20,117,S1,345.877,23.675,381.92,3394,12:28:20,74,S2,303.93,23.671,381.99
3394,12:28:21,652,C,S,Y,Y,273.7059996,23.679,8.43,12:28:21,28.6074668,77.04055127,273.7059996,9,5,118,75,CMD,3394,SIMP,104677.0204,3394,12:28:21,118,S1,344.581,23.611,381.81,3394,12:28:21,75,S2,302.64,23.612,380.41
3394,12:28:22,653,C,S,Y,Y,272.0249996,23.611,8.44,12:28:22,28.607465,77.0405511,272.0249996,9,5,119,76,CMD,3394,SIMP,104656.0342,3394,12:28:22,119,S1,343.285,23.66,380.02,3394,12:28:22,76,S2,301.35,23.693,379.49
3394,12:28:23,654,C,S,Y,Y,270.3439996,23.624,8.44,12:28:23,28.6074632,77.04055093,270.3439996,9,5,120,77,CMD,3394,SIMP,104635.0531,3394,12:28:23,120,S1,341.989,23.628,381.64,3394,12:28:23,77,S2,300.06,23.625,380.02
3394,12:28:24,655,C,S,Y,Y,268.6629996,23.615,8.43,12:28:24,28.6074614,77.04055076,268.6629996,9,5,121,78,CMD,3394,SIMP,104614.077,3394,12:28:24,121,S1,340.693,23.673,380.2,3394,12:28:24,78,S2,298.77,23.649,379.77
3394,12:28:25,656,C,S,Y,Y,266.9819996,23.639,8.44,12:28:25,28.6074596,77.04055059,266.9819996,9,5,122,79,CMD,3394,SIMP,104593.1059,3394,12:28:25,122,S1,339.397,23.685,380.84,3394,12:28:25,79,S2,297.48,23.664,380.84
3394,12:28:26,657,C,S,Y,Y,265.3009996,23.664,8.44,12:28:26,28.6074578,77.04055042,265.3009996,9,5,123,80,CMD,3394,SIMP,104572.1399,3394,12:28:26,123,S1,338.101,23.681,380.15,3394,12:28:26,80,S2,296.19,23.604,379.32
3394,12:28:27,658,C,S,Y,Y,263.6199996,23.64,8.44,12:28:27,28.607456,77.04055025,263.6199996,9,5,124,81,CMD,3394,SIMP,104551.1788,3394,12:28:27,124,S1,336.805,23.6,381.99,3394,12:28:27,81,S2,294.9,23.69,381.53
3394,12:28:28,659,C,S,Y,Y,261.9389996,23.651,8.43,12:28:28,28.6074542,77.04055008,261.9389996,9,5,125,82,CMD,3394,SIMP,104530.2227,3394,12:28:28,125,S1,335.509,23.687,381.53,3394,12:28:28,82,S2,293.61,23.652,381.79
3394,12:28:29,660,C,S,Y,Y,260.2579996,23.649,8.44,12:28:29,28.6074524,77.04054991,260.2579996,9,5,126,83,CMD,3394,SIMP,104509.2716,3394,12:28:29,126,S1,334.213,23.652,380.1,3394,12:28:29,83,S2,292.32,23.617,379.13
3394,12:28:30,661,C,S,Y,Y,258.5769996,23.619,8.43,12:28:30,28.6074506,77.04054974,258.5769996,9,5,127,84,CMD,3394,SIMP,104488.3255,3394,12:28:30,127,S1,332.917,23.692,381.72,3394,12:28:30,84,S2,291.03,23.628,381.05
3394,12:28:31,662,C,S,Y,Y,256.8959996,23.667,8.43,12:28:31,28.6074488,77.04054957,256.8959996,9,5,128,85,CMD,3394,SIMP,104467.3844,3394,12:28:31,128,S1,331.621,23.633,381.63,3394,12:28:31,85,S2,289.74,23.672,381.45
3394,12:28:32,663,C,S,Y,Y,255.2149996,23.606,8.43,12:28:32,28.607447,77.0405494,255.2149996,9,5,129,86,CMD,3394,SIMP,104446.4483,3394,12:28:32,129,S1,330.325,23.679,381.03,3394,12:28:32,86,S2,288.45,23.697,379.3
3394,12:28:33,664,C,S,Y,Y,253.5339996,23.691,8.43,12:28:33,28.6074452,77.04054923,253.5339996,9,5,130,87,CMD,3394,SIMP,104425.5172,3394,12:28:33,130,S1,329.029,23.616,379.32,3394,12:28:33,87,S2,287.16,23.62,381.57
3394,12:28:34,665,C,S,Y,Y,251.8529996,23.618,8.43,12:28:34,28.6074434,77.04054906,251.8529996,9,5,131,88,CMD,3394,SIMP,104404.5911,3394,12:28:34,131,S1,327.733,23.649,381.29,3394,12:28:34,88,S2,285.87,23.623,379.23
3394,12:28:35,666,C,S,Y,Y,250.1719995,23.649,8.44,12:28:35,28.6074416,77.04054889,250.1719995,9,5,132,89,CMD,3394,SIMP,104383.67,3394,12:28:35,132,S1,326.437,23.635,380.2,3394,12:28:35,89,S2,284.58,23.638,379.18
3394,12:28:36,667,C,S,Y,Y,248.4909995,23.692,8.43,12:28:36,28.6074398,77.04054872,248.4909995,9,5,133,90,CMD,3394,SIMP,104362.7539,3394,12:28:36,133,S1,325.141,23.64,379.14,3394,12:28:36,90,S2,283.29,23.697,380.56
3394,12:28:37,668,C,S,Y,Y,246.8099995,23.617,8.44,12:28:37,28.607438,77.04054855,246.8099995,9,5,134,91,CMD,3394,SIMP,104341.8427,3394,12:28:37,134,S1,323.845,23.619,379.36,3394,12:28:37,91,S2,282,23.664,379.61
3394,12:28:38,669,C,S,Y,Y,245.1289995,23.664,8.44,12:28:38,28.6074362,77.04054838,245.1289995,9,5,135,92,CMD,3394,SIMP,104320.9366,3394,12:28:38,135,S1,322.549,23.666,379.51,3394,12:28:38,92,S2,280.71,23.622,381.36
3394,12:28:39,670,C,S,Y,Y,243.4479995,23.602,8.43,12:28:39,28.6074344,77.04054821,243.4479995,9,5,136,93,CMD,3394,SIMP,104300.0354,3394,12:28:39,136,S1,321.253,23.634,380.91,3394,12:28:39,93,S2,279.42,23.666,381.83
3394,12:28:40,671,C,S,Y,Y,241.7669995,23.7,8.44,12:28:40,28.6074326,77.04054804,241.7669995,9,5,137,94,CMD,3394,SIMP,104279.1392,3394,12:28:40,137,S1,319.957,23.641,381.01,3394,12:28:40,94,S2,278.13,23.616,381.16
3394,12:28:41,672,C,S,Y,Y,240.0859995,23.613,8.43,12:28:41,28.6074308,77.04054787,240.0859995,9,5,138,95,CMD,3394,SIMP,104258.248,3394,12:28:41,138,S1,318.661,23.625,379.91,3394,12:28:41,95,S2,276.84,23.637,380.59
3394,12:28:42,673,C,S,Y,Y,238.4049995,23.621,8.43,12:28:42,28.607429,77.0405477,238.4049995,9,5,139,96,CMD,3394,SIMP,104237.3618,3394,12:28:42,139,S1,317.365,23.601,379.59,3394,12:28:42,96,S2,275.55,23.681,379.49
3394,12:28:43,674,C,S,Y,Y,236.7239995,23.632,8.44,12:28:43,28.6074272,77.04054753,236.7239995,9,5,140,97,CMD,3394,SIMP,104216.4806,3394,12:28:43,140,S1,316.069,23.676,379.96,3394,12:28:43,97,S2,274.26,23.678,379.82
3394,12:28:44,675,C,S,Y,Y,235.0429995,23.649,8.44,12:28:44,28.6074254,77.04054736,235.0429995,9,5,141,98,CMD,3394,SIMP,104195.6043,3394,12:28:44,141,S1,314.773,23.6,379.81,3394,12:28:44,98,S2,272.97,23.653,380.62
3394,12:28:45,676,C,S,Y,Y,233.3619995,23.615,8.44,12:28:45,28.6074236,77.04054719,233.3619995,9,5,142,99,CMD,3394,SIMP,104174.733,3394,12:28:45,142,S1,313.477,23.674,379.43,3394,12:28:45,99,S2,271.68,23.625,381.89
3394,12:28:46,677,C,S,Y,Y,231.6809995,23.689,8.43,12:28:46,28.6074218,77.04054702,231.6809995,9,5,143,100,CMD,3394,SIMP,104153.8667,3394,12:28:46,143,S1,312.181,23.643,380.44,3394,12:28:46,100,S2,270.39,23.664,380.79
3394,12:28:47,678,C,S,Y,Y,229.9999995,23.603,8.44,12:28:47,28.60742,77.04054685,229.9999995,9,5,144,101,CMD,3394,SIMP,104133.0054,3394,12:28:47,144,S1,310.885,23.678,381.81,3394,12:28:47,101,S2,269.1,23.647,380.35
3394,12:28:48,679,C,S,Y,Y,228.3189995,23.696,8.43,12:28:48,28.6074182,77.04054668,228.3189995,9,5,145,102,CMD,3394,SIMP,104112.149,3394,12:28:48,145,S1,309.589,23.603,380.12,3394,12:28:48,102,S2,267.81,23.653,379.33
3394,12:28:49,680,C,S,Y,Y,226.6379995,23.609,8.43,12:28:49,28.6074164,77.04054651,226.6379995,9,5,146,103,CMD,3394,SIMP,104091.2976,3394,12:28:49,146,S1,308.293,23.655,379.18,3394,12:28:49,103,S2,266.52,23.642,380.1
3394,12:28:50,681,C,S,Y,Y,224.9569995,23.642,8.44,12:28:50,28.6074146,77.04054634,224.9569995,9,5,147,104,CMD,3394,SIMP,104070.4512,3394,12:28:50,147,S1,306.997,23.659,380.13,3394,12:28:50,104,S2,265.23,23.7,379.42
3394,12:28:51,682,C,S,Y,Y,223.2759995,23.61,8.44,12:28:51,28.6074128,77.04054617,223.2759995,9,5,148,105,CMD,3394,SIMP,104049.6098,3394,12:28:51,148,S1,305.701,23.679,380.75,3394,12:28:51,105,S2,263.94,23.683,381.67
3394,12:28:52,683,C,S,Y,Y,221.5949995,23.626,8.43,12:28:52,28.607411,77.040546,221.5949995,9,5,149,106,CMD,3394,SIMP,104028.7733,3394,12:28:52,149,S1,304.405,23.624,379.18,3394,12:28:52,106,S2,262.65,23.625,380.68
3394,12:28:53,684,C,S,Y,Y,219.9139995,23.604,8.43,12:28:53,28.6074092,77.04054583,219.9139995,9,5,150,107,CMD,3394,SIMP,104007.9418,3394,12:28:53,150,S1,303.109,23.684,381.96,3394,12:28:53,107,S2,261.36,23.642,379.93
3394,12:28:54,685,C,S,Y,Y,218.2329994,23.603,8.43,12:28:54,28.6074074,77.04054566,218.2329994,9,5,151,108,CMD,3394,SIMP,103987.1152,3394,12:28:54,151,S1,301.813,23.68,380.12,3394,12:28:54,108,S2,260.07,23.649,379.22
3394,12:28:55,686,C,S,Y,Y,216.5519994,23.667,8.44,12:28:55,28.6074056,77.04054549,216.5519994,9,5,152,109,CMD,3394,SIMP,103966.2936,3394,12:28:55,152,S1,300.517,23.645,380.85,3394,12:28:55,109,S2,258.78,23.633,379.31
3394,12:28:56,687,C,S,Y,Y,214.8709994,23.653,8.43,12:28:56,28.6074038,77.04054532,214.8709994,9,5,153,110,CMD,3394,SIMP,103945.477,3394,12:28:56,153,S1,299.221,23.681,380.43,3394,12:28:56,110,S2,257.49,23.635,379.51
3394,12:28:57,688,C,S,Y,Y,213.1899994,23.677,8.44,12:28:57,28.607402,77.04054515,213.1899994,9,5,154,111,CMD,3394,SIMP,103924.6654,3394,12:28:57,154,S1,297.925,23.69,381.52,3394,12:28:57,111,S2,256.2,23.686,380.8
3394,12:28:58,689,C,S,Y,Y,211.5089994,23.657,8.43,12:28:58,28.6074002,77.04054498,211.5089994,9,5,155,112,CMD,3394,SIMP,103903.8587,3394,12:28:58,155,S1,296.629,23.694,381.42,3394,12:28:58,112,S2,254.91,23.664,381.05
3394,12:28:59,690,C,S,Y,Y,209.8279994,23.666,8.44,12:28:59,28.6073984,77.04054481,209.8279994,9,5,156,113,CMD,3394,SIMP,103883.0569,3394,12:28:59,156,S1,295.333,23.615,379.19,3394,12:28:59,113,S2,253.62,23.606,381.56
3394,12:29:00,691,C,S,Y,Y,208.1469994,23.693,8.44,12:29:00,28.6073966,77.04054464,208.1469994,9,5,157,114,CMD,3394,SIMP,103862.2601,3394,12:29:00,157,S1,294.037,23.614,379.17,3394,12:29:00,114,S2,252.33,23.611,379.92
3394,12:29:01,692,C,S,Y,Y,206.4659994,23.69,8.44,12:29:01,28.6073948,77.04054447,206.4659994,9,5,158,115,CMD,3394,SIMP,103841.4683,3394,12:29:01,158,S1,292.741,23.66,380.89,3394,12:29:01,115,S2,251.04,23.626,381.95
3394,12:29:02,693,C,S,Y,Y,204.7849994,23.625,8.44,12:29:02,28.607393,77.0405443,204.7849994,9,5,159,116,CMD,3394,SIMP,103820.6814,3394,12:29:02,159,S1,291.445,23.633,380.52,3394,12:29:02,116,S2,249.75,23.648,379.87
3394,12:29:03,694,C,S,Y,Y,203.1039994,23.621,8.44,12:29:03,28.6073912,77.04054413,203.1039994,9,5,160,117,CMD,3394,SIMP,103799.8995,3394,12:29:03,160,S1,290.149,23.609,380.15,3394,12:29:03,117,S2,248.46,23.606,379.14
3394,12:29:04,695,C,S,Y,Y,201.4229994,23.655,8.44,12:29:04,28.6073894,77.04054396,201.4229994,9,5,161,118,CMD,3394,SIMP,103779.1225,3394,12:29:04,161,S1,288.853,23.679,381.54,3394,12:29:04,118,S2,247.17,23.644,381.15
3394,12:29:05,696,C,S,Y,Y,199.7419994,23.644,8.44,12:29:05,28.6073876,77.04054379,199.7419994,9,5,162,119,CMD,3394,SIMP,103758.3505,3394,12:29:05,162,S1,287.557,23.631,381.68,3394,12:29:05,119,S2,245.88,23.661,381.8
3394,12:29:06,697,C,S,Y,Y,198.0609994,23.63,8.43,12:29:06,28.6073858,77.04054362,198.0609994,9,5,163,120,CMD,3394,SIMP,103737.5834,3394,12:29:06,163,S1,286.261,23.637,381.41,3394,12:29:06,120,S2,244.59,23.658,381.74
3394,12:29:07,698,C,S,Y,Y,196.3799994,23.694,8.44,12:29:07,28.607384,77.04054345,196.3799994,9,5,164,121,CMD,3394,SIMP,103716.8213,3394,12:29:07,164,S1,284.965,23.636,379.93,3394,12:29:07,121,S2,243.3,23.646,381.74
3394,12:29:08,699,C,S,Y,Y,194.6989994,23.664,8.44,12:29:08,28.6073822,77.04054328,194.6989994,9,5,165,122,CMD,3394,SIMP,103696.0641,3394,12:29:08,165,S1,283.669,23.683,381.24,3394,12:29:08,122,S2,242.01,23.651,380.55
3394,12:29:09,700,C,S,Y,Y,193.0179994,23.689,8.44,12:29:09,28.6073804,77.04054311,193.0179994,9,5,166,123,CMD,3394,SIMP,103675.3119,3394,12:29:09,166,S1,282.373,23.634,379.37,3394,12:29:09,123,S2,240.72,23.608,381.59
3394,12:29:10,701,C,S,Y,Y,191.3369994,23.641,8.44,12:29:10,28.6073786,77.04054294,191.3369994,9,5,167,124,CMD,3394,SIMP,103654.5646,3394,12:29:10,167,S1,281.077,23.647,380.39,3394,12:29:10,124,S2,239.43,23.635,380.77
3394,12:29:11,702,C,S,Y,Y,189.6559994,23.658,8.44,12:29:11,28.6073768,77.04054277,189.6559994,9,5,168,125,CMD,3394,SIMP,103633.8223,3394,12:29:11,168,S1,279.781,23.637,379.05,3394,12:29:11,125,S2,238.14,23.636,381.08
3394,12:29:12,703,C,S,Y,Y,187.9749994,23.675,8.43,12:29:12,28.607375,77.0405426,187.9749994,9,5,169,126,CMD,3394,SIMP,103613.0848,3394,12:29:12,169,S1,278.485,23.634,379.36,3394,12:29:12,126,S2,236.85,23.698,381.07
3394,12:29:13,704,C,S,Y,Y,186.2939993,23.618,8.43,12:29:13,28.6073732,77.04054243,186.2939993,9,5,170,127,CMD,3394,SIMP,103592.3524,3394,12:29:13,170,S1,277.189,23.633,380.71,3394,12:29:13,127,S2,235.56,23.694,380.09
3394,12:29:14,705,C,S,Y,Y,184.6129993,23.65,8.43,12:29:14,28.6073714,77.04054226,184.6129993,9,5,171,128,CMD,3394,SIMP,103571.6248,3394,12:29:14,171,S1,275.893,23.622,381.68,3394,12:29:14,128,S2,234.27,23.653,381.2
3394,12:29:15,706,C,S,Y,Y,182.9319993,23.615,8.44,12:29:15,28.6073696,77.04054209,182.9319993,9,5,172,129,CMD,3394,SIMP,103550.9022,3394,12:29:15,172,S1,274.597,23.636,379.27,3394,12:29:15,129,S2,232.98,23.638,380.29
3394,12:29:16,707,C,S,Y,Y,181.2509993,23.617,8.43,13:29:15,28.6073678,77.04054192,181.2509993,9,5,173,130,CMD,3394,SIMP,103530.1846,3394,12:29:16,173,S1,273.301,23.622,380.16,3394,12:29:16,130,S2,231.69,23.614,380.93
3394,12:29:17,708,C,S,Y,Y,179.5699993,23.609,8.43,14:29:15,28.607366,77.04054175,179.5699993,9,5,174,131,CMD,3394,SIMP,103509.4719,3394,12:29:17,174,S1,272.005,23.671,379.34,3394,12:29:17,131,S2,230.4,23.664,379.14
3394,12:29:18,709,C,S,Y,Y,177.8889993,23.69,8.43,15:29:15,28.6073642,77.04054158,177.8889993,9,5,175,132,CMD,3394,SIMP,103488.7641,3394,12:29:18,175,S1,270.709,23.631,380.82,3394,12:29:18,132,S2,229.11,23.64,379.67
3394,12:29:19,710,C,S,Y,Y,176.2079993,23.68,8.43,16:29:15,28.6073624,77.04054141,176.2079993,9,5,176,133,CMD,3394,SIMP,103468.0612,3394,12:29:19,176,S1,269.413,23.695,381.43,3394,12:29:19,133,S2,227.82,23.633,381.85
3394,12:29:20,711,C,S,Y,Y,174.5269993,23.687,8.43,17:29:15,28.6073606,77.04054124,174.5269993,9,5,177,134,CMD,3394,SIMP,103447.3633,3394,12:29:20,177,S1,268.117,23.628,379.26,3394,12:29:20,134,S2,226.53,23.606,379.38
3394,12:29:21,712,C,S,Y,Y,172.8459993,23.621,8.43,18:29:15,28.6073588,77.04054107,172.8459993,9,5,178,135,CMD,3394,SIMP,103426.6703,3394,12:29:21,178,S1,266.821,23.65,381.28,3394,12:29:21,135,S2,225.24,23.65,379.06
3394,12:29:22,713,C,S,Y,Y,171.1649993,23.628,8.44,19:29:15,28.607357,77.0405409,171.1649993,9,5,179,136,CMD,3394,SIMP,103405.9822,3394,12:29:22,179,S1,265.525,23.632,379.13,3394,12:29:22,136,S2,223.95,23.658,379.87
3394,12:29:23,714,C,S,Y,Y,169.4839993,23.645,8.44,20:29:15,28.6073552,77.04054073,169.4839993,9,5,180,137,CMD,3394,SIMP,103385.299,3394,12:29:23,180,S1,264.229,23.634,380.04,3394,12:29:23,137,S2,222.66,23.651,381.92
3394,12:29:24,715,C,S,Y,Y,167.8029993,23.681,8.43,21:29:15,28.6073534,77.04054056,167.8029993,9,5,181,138,CMD,3394,SIMP,103364.6208,3394,12:29:24,181,S1,262.933,23.678,379.95,3394,12:29:24,138,S2,221.37,23.636,381.67
3394,12:29:25,716,C,S,Y,Y,166.1219993,23.628,8.43,22:29:15,28.6073516,77.04054039,166.1219993,9,5,182,139,CMD,3394,SIMP,103343.9475,3394,12:29:25,182,S1,261.637,23.651,381.93,3394,12:29:25,139,S2,220.08,23.644,379.24
3394,12:29:26,717,C,S,Y,Y,164.4409993,23.62,8.43,23:29:15,28.6073498,77.04054022,164.4409993,9,5,183,140,CMD,3394,SIMP,103323.2791,3394,12:29:26,183,S1,260.341,23.678,381.67,3394,12:29:26,140,S2,218.79,23.656,381.31
3394,12:29:27,718,C,S,Y,Y,162.7599993,23.657,8.44,00:29:15,28.607348,77.04054005,162.7599993,9,5,184,141,CMD,3394,SIMP,103302.6156,3394,12:29:27,184,S1,259.045,23.684,381.72,3394,12:29:27,141,S2,217.5,23.64,380.9
3394,12:29:28,719,C,S,Y,Y,161.0789993,23.608,8.44,01:29:15,28.6073462,77.04053988,161.0789993,9,5,185,142,CMD,3394,SIMP,103281.9571,3394,12:29:28,185,S1,257.749,23.628,380.95,3394,12:29:28,142,S2,216.21,23.658,381.52
3394,12:29:29,720,C,S,Y,Y,159.3979993,23.651,8.44,02:29:15,28.6073444,77.04053971,159.3979993,9,5,186,143,CMD,3394,SIMP,103261.3034,3394,12:29:29,186,S1,256.453,23.687,379.79,3394,12:29:29,143,S2,214.92,23.606,379.91
3394,12:29:30,721,C,S,Y,Y,157.7169993,23.7,8.43,03:29:15,28.6073426,77.04053954,157.7169993,9,5,187,144,CMD,3394,SIMP,103240.6547,3394,12:29:30,187,S1,255.157,23.681,380.95,3394,12:29:30,144,S2,213.63,23.681,381.47
3394,12:29:31,722,C,S,Y,Y,156.0359993,23.659,8.44,04:29:15,28.6073408,77.04053937,156.0359993,9,5,188,145,CMD,3394,SIMP,103220.0109,3394,12:29:31,188,S1,253.861,23.661,381.66,3394,12:29:31,145,S2,212.34,23.659,379.35
3394,12:29:32,723,C,S,Y,Y,154.3549993,23.694,8.43,05:29:15,28.607339,77.0405392,154.3549993,9,5,189,146,CMD,3394,SIMP,103199.372,3394,12:29:32,189,S1,252.565,23.61,379.41,3394,12:29:32,146,S2,211.05,23.695,381.91
3394,12:29:33,724,C,S,Y,Y,152.6739992,23.607,8.44,06:29:15,28.6073372,77.04053903,152.6739992,9,5,190,147,CMD,3394,SIMP,103178.7381,3394,12:29:33,190,S1,251.269,23.642,380.92,3394,12:29:33,147,S2,209.76,23.6,379.98
3394,12:29:34,725,C,S,Y,Y,150.9929992,23.607,8.44,07:29:15,28.6073354,77.04053886,150.9929992,9,5,191,148,CMD,3394,SIMP,103158.109,3394,12:29:34,191,S1,249.973,23.675,381.32,3394,12:29:34,148,S2,208.47,23.673,380.74
3394,12:29:35,726,C,S,Y,Y,149.3119992,23.604,8.43,08:29:15,28.6073336,77.04053869,149.3119992,9,5,192,149,CMD,3394,SIMP,103137.4848,3394,12:29:35,192,S1,248.677,23.658,379.6,3394,12:29:35,149,S2,207.18,23.627,381.42
3394,12:29:36,727,C,S,Y,Y,147.6309992,23.649,8.43,09:29:15,28.6073318,77.04053852,147.6309992,9,5,193,150,CMD,3394,SIMP,103116.8656,3394,12:29:36,193,S1,247.381,23.631,380.6,3394,12:29:36,150,S2,205.89,23.617,379.42
3394,12:29:37,728,C,S,Y,Y,145.9499992,23.6,8.43,10:29:15,28.60733,77.04053835,145.9499992,9,5,194,151,CMD,3394,SIMP,103096.2513,3394,12:29:37,194,S1,246.085,23.689,381.5,3394,12:29:37,151,S2,204.6,23.628,379.69
3394,12:29:38,729,C,S,Y,Y,144.2689992,23.621,8.43,11:29:15,28.6073282,77.04053818,144.2689992,9,5,195,152,CMD,3394,SIMP,103075.6418,3394,12:29:38,195,S1,244.789,23.697,380.11,3394,12:29:38,152,S2,203.31,23.624,380.73
3394,12:29:39,730,C,S,Y,Y,142.5879992,23.614,8.43,12:29:15,28.6073264,77.04053801,142.5879992,9,5,196,153,CMD,3394,SIMP,103055.0373,3394,12:29:39,196,S1,243.493,23.611,380.78,3394,12:29:39,153,S2,202.02,23.646,380.51
3394,12:29:40,731,C,S,Y,Y,140.9069992,23.636,8.44,13:29:15,28.6073246,77.04053784,140.9069992,9,5,197,154,CMD,3394,SIMP,103034.4377,3394,12:29:40,197,S1,242.197,23.623,379.73,3394,12:29:40,154,S2,200.73,23.662,379.6
3394,12:29:41,732,C,S,Y,Y,139.2259992,23.604,8.43,14:29:15,28.6073228,77.04053767,139.2259992,9,5,198,155,CMD,3394,SIMP,103013.8429,3394,12:29:41,198,S1,240.901,23.685,380.7,3394,12:29:41,155,S2,199.44,23.662,381.43
3394,12:29:42,733,C,S,Y,Y,137.5449992,23.66,8.43,15:29:15,28.607321,77.0405375,137.5449992,9,5,199,156,CMD,3394,SIMP,102993.2531,3394,12:29:42,199,S1,239.605,23.664,379.04,3394,12:29:42,156,S2,198.15,23.694,381.87
3394,12:29:43,734,C,S,Y,Y,135.8639992,23.623,8.44,16:29:15,28.6073192,77.04053733,135.8639992,9,5,200,157,CMD,3394,SIMP,102972.6682,3394,12:29:43,200,S1,238.309,23.684,380.98,3394,12:29:43,157,S2,196.86,23.652,381.85
3394,12:29:44,735,C,S,Y,Y,134.1829992,23.673,8.44,17:29:15,28.6073174,77.04053716,134.1829992,9,5,201,158,CMD,3394,SIMP,102952.0881,3394,12:29:44,201,S1,237.013,23.619,380.78,3394,12:29:44,158,S2,195.57,23.662,381.18
3394,12:29:45,736,C,S,Y,Y,132.5019992,23.674,8.43,18:29:15,28.6073156,77.04053699,132.5019992,9,5,202,159,CMD,3394,SIMP,102931.513,3394,12:29:45,202,S1,235.717,23.656,380.89,3394,12:29:45,159,S2,194.28,23.638,380.66
3394,12:29:46,737,C,S,Y,Y,130.8209992,23.636,8.44,19:29:15,28.6073138,77.04053682,130.8209992,9,5,203,160,CMD,3394,SIMP,102910.9428,3394,12:29:46,203,S1,234.421,23.605,380.76,3394,12:29:46,160,S2,192.99,23.659,380.82
3394,12:29:47,738,C,S,Y,Y,129.1399992,23.612,8.43,20:29:15,28.607312,77.04053665,129.1399992,9,5,204,161,CMD,3394,SIMP,102890.3774,3394,12:29:47,204,S1,233.125,23.687,381.8,3394,12:29:47,161,S2,191.7,23.676,380.94
3394,12:29:48,739,C,S,Y,Y,127.4589992,23.601,8.44,21:29:15,28.6073102,77.04053648,127.4589992,9,5,205,162,CMD,3394,SIMP,102869.8169,3394,12:29:48,205,S1,231.829,23.69,380.15,3394,12:29:48,162,S2,190.41,23.687,379.13
3394,12:29:49,740,C,S,Y,Y,125.7779992,23.654,8.44,22:29:15,28.6073084,77.04053631,125.7779992,9,5,206,163,CMD,3394,SIMP,102849.2614,3394,12:29:49,206,S1,230.533,23.617,380.01,3394,12:29:49,163,S2,189.12,23.625,380.1
3394,12:29:50,741,C,S,Y,Y,124.0969992,23.691,8.44,23:29:15,28.6073066,77.04053614,124.0969992,9,5,207,164,CMD,3394,SIMP,102828.7107,3394,12:29:50,207,S1,229.237,23.678,380.76,3394,12:29:50,164,S2,187.83,23.608,379.21
3394,12:29:51,742,C,S,Y,Y,122.4159992,23.625,8.43,00:29:15,28.6073048,77.04053597,122.4159992,9,5,208,165,CMD,3394,SIMP,102808.1649,3394,12:29:51,208,S1,227.941,23.662,381.83,3394,12:29:51,165,S2,186.54,23.622,379.95
3394,12:29:52,743,C,S,Y,Y,120.7349991,23.646,8.44,01:29:15,28.607303,77.0405358,120.7349991,9,5,209,166,CMD,3394,SIMP,102787.624,3394,12:29:52,209,S1,226.645,23.626,379.95,3394,12:29:52,166,S2,185.25,23.7,379.49
3394,12:29:53,744,C,S,Y,Y,119.0539991,23.661,8.44,02:29:15,28.6073012,77.04053563,119.0539991,9,5,210,167,CMD,3394,SIMP,102767.088,3394,12:29:53,210,S1,225.349,23.635,379.93,3394,12:29:53,167,S2,183.96,23.669,379.01
3394,12:29:54,745,C,S,Y,Y,117.3729991,23.655,8.44,03:29:15,28.6072994,77.04053546,117.3729991,9,5,211,168,CMD,3394,SIMP,102746.5568,3394,12:29:54,211,S1,224.053,23.607,380.82,3394,12:29:54,168,S2,182.67,23.696,379.11
3394,12:29:55,746,C,S,Y,Y,115.6919991,23.691,8.44,04:29:15,28.6072976,77.04053529,115.6919991,9,5,212,169,CMD,3394,SIMP,102726.0306,3394,12:29:55,212,S1,222.757,23.615,380.72,3394,12:29:55,169,S2,181.38,23.699,380.56
3394,12:29:56,747,C,S,Y,Y,114.0109991,23.687,8.43,05:29:15,28.6072958,77.04053512,114.0109991,9,5,213,170,CMD,3394,SIMP,102705.5092,3394,12:29:56,213,S1,221.461,23.63,381.54,3394,12:29:56,170,S2,180.09,23.675,379.6
3394,12:29:57,748,C,S,Y,Y,112.3299991,23.621,8.43,06:29:15,28.607294,77.04053495,112.3299991,9,5,214,171,CMD,3394,SIMP,102684.9927,3394,12:29:57,214,S1,220.165,23.672,381.36,3394,12:29:57,171,S2,178.8,23.603,381.92
3394,12:29:58,749,C,S,Y,Y,110.6489991,23.677,8.44,07:29:15,28.6072922,77.04053478,110.6489991,9,5,215,172,CMD,3394,SIMP,102664.4811,3394,12:29:58,215,S1,218.869,23.654,379.97,3394,12:29:58,172,S2,177.51,23.602,381.49
3394,12:29:59,750,C,S,Y,Y,108.9679991,23.674,8.44,08:29:15,28.6072904,77.04053461,108.9679991,9,5,216,173,CMD,3394,SIMP,102643.9743,3394,12:29:59,216,S1,217.573,23.675,379.26,3394,12:29:59,173,S2,176.22,23.647,379.7
3394,12:30:00,751,C,S,Y,Y,107.2869991,23.625,8.44,09:29:15,28.6072886,77.04053444,107.2869991,9,5,217,174,CMD,3394,SIMP,102623.4725,3394,12:30:00,217,S1,216.277,23.648,381.07,3394,12:30:00,174,S2,174.93,23.613,381.4
3394,12:30:01,752,C,S,Y,Y,105.6059991,23.613,8.44,10:29:15,28.6072868,77.04053427,105.6059991,9,5,218,175,CMD,3394,SIMP,102602.9755,3394,12:30:01,218,S1,214.981,23.658,379.52,3394,12:30:01,175,S2,173.64,23.602,380.73
3394,12:30:02,753,C,S,Y,Y,103.9249991,23.698,8.44,11:29:15,28.607285,77.0405341,103.9249991,9,5,219,176,CMD,3394,SIMP,102582.4834,3394,12:30:02,219,S1,213.685,23.613,381.64,3394,12:30:02,176,S2,172.35,23.685,381.68
3394,12:30:03,754,C,S,Y,Y,102.2439991,23.66,8.44,12:29:15,28.6072832,77.04053393,102.2439991,9,5,220,177,CMD,3394,SIMP,102561.9961,3394,12:30:03,220,S1,212.389,23.653,380.46,3394,12:30:03,177,S2,171.06,23.638,381.56
3394,12:30:04,755,C,S,Y,Y,100.5629991,23.631,8.44,13:29:15,28.6072814,77.04053376,100.5629991,9,5,221,178,CMD,3394,SIMP,102541.5137,3394,12:30:04,221,S1,211.093,23.684,381.22,3394,12:30:04,178,S2,169.77,23.683,381.73
3394,12:30:05,756,C,S,Y,Y,98.88199908,23.607,8.43,14:29:15,28.6072796,77.04053359,98.88199908,9,5,222,179,CMD,3394,SIMP,102521.0362,3394,12:30:05,222,S1,209.797,23.617,380.45,3394,12:30:05,179,S2,168.48,23.682,379.77
3394,12:30:06,757,C,S,Y,Y,97.20099908,23.691,8.44,15:29:15,28.6072778,77.04053342,97.20099908,9,5,223,180,CMD,3394,SIMP,102500.5636,3394,12:30:06,223,S1,208.501,23.664,380.42,3394,12:30:06,180,S2,167.19,23.624,381.25
3394,12:30:07,758,C,S,Y,Y,95.51999907,23.635,8.43,16:29:15,28.607276,77.04053325,95.51999907,9,5,224,181,CMD,3394,SIMP,102480.0958,3394,12:30:07,224,S1,207.205,23.608,379.07,3394,12:30:07,181,S2,165.9,23.659,380.6
3394,12:30:08,759,C,S,Y,Y,93.83899906,23.625,8.44,17:29:15,28.6072742,77.04053308,93.83899906,9,5,225,182,CMD,3394,SIMP,102459.6329,3394,12:30:08,225,S1,205.909,23.623,379.59,3394,12:30:08,182,S2,164.61,23.66,381.27
3394,12:30:09,760,C,S,Y,Y,92.15799906,23.681,8.44,18:29:15,28.6072724,77.04053291,92.15799906,9,5,226,183,CMD,3394,SIMP,102439.1749,3394,12:30:09,226,S1,204.613,23.647,379.24,3394,12:30:09,183,S2,163.32,23.627,381.04
3394,12:30:10,761,C,S,Y,Y,90.47699905,23.674,8.44,19:29:15,28.6072706,77.04053274,90.47699905,9,5,227,184,CMD,3394,SIMP,102418.7217,3394,12:30:10,227,S1,203.317,23.608,380.55,3394,12:30:10,184,S2,162.03,23.6,380.87
3394,12:30:11,762,C,S,Y,Y,88.79599905,23.634,8.44,20:29:15,28.6072688,77.04053257,88.79599905,9,5,228,185,CMD,3394,SIMP,102398.2733,3394,12:30:11,228,S1,202.021,23.692,379.31,3394,12:30:11,185,S2,160.74,23.609,379.95
3394,12:30:12,763,C,S,Y,Y,87.11499904,23.616,8.44,21:29:15,28.607267,77.0405324,87.11499904,9,5,229,186,CMD,3394,SIMP,102377.8299,3394,12:30:12,229,S1,200.725,23.654,381.37,3394,12:30:12,186,S2,159.45,23.672,379.99
3394,12:30:13,764,C,S,Y,Y,85.43399904,23.65,8.44,22:29:15,28.6072652,77.04053223,85.43399904,9,5,230,187,CMD,3394,SIMP,102357.3913,3394,12:30:13,230,S1,199.429,23.668,380.16,3394,12:30:13,187,S2,158.16,23.657,381.63
3394,12:30:14,765,C,S,Y,Y,83.75299903,23.621,8.43,23:29:15,28.6072634,77.04053206,83.75299903,9,5,231,188,CMD,3394,SIMP,102336.9575,3394,12:30:14,231,S1,198.133,23.663,379.51,3394,12:30:14,188,S2,156.87,23.66,381.08
3394,12:30:15,766,C,S,Y,Y,82.07199903,23.641,8.43,00:29:15,28.6072616,77.04053189,82.07199903,9,5,232,189,CMD,3394,SIMP,102316.5286,3394,12:30:15,232,S1,196.837,23.69,380.28,3394,12:30:15,189,S2,155.58,23.605,381.75
3394,12:30:16,767,C,S,Y,Y,80.39099902,23.62,8.43,01:29:15,28.6072598,77.04053172,80.39099902,9,5,233,190,CMD,3394,SIMP,102296.1046,3394,12:30:16,233,S1,195.541,23.642,380.22,3394,12:30:16,190,S2,154.29,23.612,381.55
3394,12:30:17,768,C,S,Y,Y,78.70999902,23.652,8.43,02:29:15,28.607258,77.04053155,78.70999902,9,5,234,191,CMD,3394,SIMP,102275.6854,3394,12:30:17,234,S1,194.245,23.691,380.25,3394,12:30:17,191,S2,153,23.645,381.82
3394,12:30:18,769,C,S,Y,Y,77.02899901,23.617,8.44,03:29:15,28.6072562,77.04053138,77.02899901,9,5,235,192,CMD,3394,SIMP,102255.2711,3394,12:30:18,235,S1,192.949,23.642,379.66,3394,12:30:18,192,S2,151.71,23.67,380.47
3394,12:30:19,770,C,S,Y,Y,75.34799901,23.68,8.44,04:29:15,28.6072544,77.04053121,75.34799901,9,5,236,193,CMD,3394,SIMP,102234.8616,3394,12:30:19,236,S1,191.653,23.664,380.15,3394,12:30:19,193,S2,150.42,23.617,381.67
3394,12:30:20,771,C,S,Y,Y,73.666999,23.625,8.44,05:29:15,28.6072526,77.04053104,73.666999,9,5,237,194,CMD,3394,SIMP,102214.4569,3394,12:30:20,237,S1,190.357,23.656,379.95,3394,12:30:20,194,S2,149.13,23.693,381.64
3394,12:30:21,772,C,S,Y,Y,71.985999,23.67,8.43,06:29:15,28.6072508,77.04053087,71.985999,9,5,238,195,CMD,3394,SIMP,102194.0571,3394,12:30:21,238,S1,189.061,23.684,381.36,3394,12:30:21,195,S2,147.84,23.633,379.74
3394,12:30:22,773,C,S,Y,Y,70.30499899,23.652,8.44,07:29:15,28.607249,77.0405307,70.30499899,9,5,239,196,CMD,3394,SIMP,102173.6622,3394,12:30:22,239,S1,187.765,23.603,379.86,3394,12:30:22,196,S2,146.55,23.649,380.48
3394,12:30:23,774,C,S,Y,Y,68.62399899,23.61,8.44,08:29:15,28.6072472,77.04053053,68.62399899,9,5,240,197,CMD,3394,SIMP,102153.2721,3394,12:30:23,240,S1,186.469,23.67,379.87,3394,12:30:23,197,S2,145.26,23.663,379.77
3394,12:30:24,775,C,S,Y,Y,66.94299898,23.665,8.44,09:29:15,28.6072454,77.04053036,66.94299898,9,5,241,198,CMD,3394,SIMP,102132.8868,3394,12:30:24,241,S1,185.173,23.629,379.73,3394,12:30:24,198,S2,143.97,23.658,379.58
3394,12:30:25,776,C,S,Y,Y,65.26199898,23.697,8.44,10:29:15,28.6072436,77.04053019,65.26199898,9,5,242,199,CMD,3394,SIMP,102112.5064,3394,12:30:25,242,S1,183.877,23.666,380.25,3394,12:30:25,199,S2,142.68,23.686,381.51
3394,12:30:26,777,C,S,Y,Y,63.58099897,23.604,8.44,11:29:15,28.6072418,77.04053002,63.58099897,9,5,243,200,CMD,3394,SIMP,102092.1308,3394,12:30:26,243,S1,182.581,23.668,381.71,3394,12:30:26,200,S2,141.39,23.675,381.05
3394,12:30:27,778,C,S,Y,Y,61.89999897,23.699,8.43,12:29:15,28.60724,77.04052985,61.89999897,9,5,244,201,CMD,3394,SIMP,102071.7601,3394,12:30:27,244,S1,181.285,23.67,379.72,3394,12:30:27,201,S2,140.1,23.647,381.41
3394,12:30:28,779,C,S,Y,Y,60.21899896,23.634,8.43,13:29:15,28.6072382,77.04052968,60.21899896,9,5,245,202,CMD,3394,SIMP,102051.3942,3394,12:30:28,245,S1,179.989,23.645,379.95,3394,12:30:28,202,S2,138.81,23.632,380.98
3394,12:30:29,780,C,S,Y,Y,58.53799896,23.655,8.43,14:29:15,28.6072364,77.04052951,58.53799896,9,5,246,203,CMD,3394,SIMP,102031.0331,3394,12:30:29,246,S1,178.693,23.663,380.38,3394,12:30:29,203,S2,137.52,23.669,379.78
3394,12:30:30,781,C,S,Y,Y,56.85699895,23.627,8.44,15:29:15,28.6072346,77.04052934,56.85699895,9,5,247,204,CMD,3394,SIMP,102010.6769,3394,12:30:30,247,S1,177.397,23.692,381.67,3394,12:30:30,204,S2,136.23,23.699,379.44
3394,12:30:31,782,C,S,Y,Y,55.17599895,23.674,8.44,16:29:15,28.6072328,77.04052917,55.17599895,9,5,248,205,CMD,3394,SIMP,101990.3255,3394,12:30:31,248,S1,176.101,23.645,381.12,3394,12:30:31,205,S2,134.94,23.681,381.31
3394,12:30:32,783,C,S,Y,Y,53.49499894,23.67,8.43,17:29:15,28.607231,77.040529,53.49499894,9,5,249,206,CMD,3394,SIMP,101969.979,3394,12:30:32,249,S1,174.805,23.628,380.64,3394,12:30:32,206,S2,133.65,23.683,381.96
3394,12:30:33,784,C,S,Y,Y,51.81399894,23.688,8.44,18:29:15,28.6072292,77.04052883,51.81399894,9,5,250,207,CMD,3394,SIMP,101949.6372,3394,12:30:33,250,S1,173.509,23.683,379.45,3394,12:30:33,207,S2,132.36,23.625,381.12
3394,12:30:34,785,C,S,Y,Y,50.13299893,23.699,8.43,19:29:15,28.6072274,77.04052866,50.13299893,9,5,251,208,CMD,3394,SIMP,101929.3003,3394,12:30:34,251,S1,172.213,23.619,381.31,3394,12:30:34,208,S2,131.07,23.693,380.64
3394,12:30:35,786,C,S,Y,Y,48.45199893,23.691,8.43,20:29:15,28.6072256,77.04052849,48.45199893,9,5,252,209,CMD,3394,SIMP,101908.9683,3394,12:30:35,252,S1,170.917,23.647,380.73,3394,12:30:35,209,S2,129.78,23.691,379.46
3394,12:30:36,787,C,S,Y,Y,46.77099892,23.645,8.44,21:29:15,28.6072238,77.04052832,46.77099892,9,5,253,210,CMD,3394,SIMP,101888.641,3394,12:30:36,253,S1,169.621,23.611,381.23,3394,12:30:36,210,S2,128.49,23.693,380.53
3394,12:30:37,788,C,S,Y,Y,45.08999891,23.699,8.44,22:29:15,28.607222,77.04052815,45.08999891,9,5,254,211,CMD,3394,SIMP,101868.3186,3394,12:30:37,254,S1,168.325,23.673,379.15,3394,12:30:37,211,S2,127.2,23.632,379.61
3394,12:30:38,789,C,S,Y,Y,43.40899891,23.603,8.43,23:29:15,28.6072202,77.04052798,43.40899891,9,5,255,212,CMD,3394,SIMP,101848.001,3394,12:30:38,255,S1,167.029,23.696,380.53,3394,12:30:38,212,S2,125.91,23.682,379.08
3394,12:30:39,790,C,S,Y,Y,41.7279989,23.691,8.44,00:29:15,28.6072184,77.04052781,41.7279989,9,5,256,213,CMD,3394,SIMP,101827.6882,3394,12:30:39,256,S1,165.733,23.698,381.41,3394,12:30:39,213,S2,124.62,23.687,380.67
3394,12:30:40,791,C,S,Y,Y,40.0469989,23.66,8.43,01:29:15,28.6072166,77.04052764,40.0469989,9,5,257,214,CMD,3394,SIMP,101807.3803,3394,12:30:40,257,S1,164.437,23.686,381.65,3394,12:30:40,214,S2,123.33,23.62,381.2
3394,12:30:41,792,C,S,Y,Y,38.36599889,23.635,8.43,02:29:15,28.6072148,77.04052747,38.36599889,9,5,258,215,CMD,3394,SIMP,101787.0772,3394,12:30:41,258,S1,163.141,23.671,380.14,3394,12:30:41,215,S2,122.04,23.604,381.78
3394,12:30:42,793,C,S,Y,Y,36.68499889,23.642,8.44,03:29:15,28.607213,77.0405273,36.68499889,9,5,259,216,CMD,3394,SIMP,101766.7789,3394,12:30:42,259,S1,161.845,23.69,380.7,3394,12:30:42,216,S2,120.75,23.611,380.34
3394,12:30:43,794,C,S,Y,Y,35.00399888,23.654,8.43,04:29:15,28.6072112,77.04052713,35.00399888,9,5,260,217,CMD,3394,SIMP,101746.4854,3394,12:30:43,260,S1,160.549,23.632,381.12,3394,12:30:43,217,S2,119.46,23.608,380.03
3394,12:30:44,795,C,S,Y,Y,33.32299888,23.686,8.43,05:29:15,28.6072094,77.04052696,33.32299888,9,5,261,218,CMD,3394,SIMP,101726.1967,3394,12:30:44,261,S1,159.253,23.603,381.63,3394,12:30:44,218,S2,118.17,23.638,379.71
3394,12:30:45,796,C,S,Y,Y,31.64199887,23.669,8.43,06:29:15,28.6072076,77.04052679,31.64199887,9,5,262,219,CMD,3394,SIMP,101705.9128,3394,12:30:45,262,S1,157.957,23.673,379.74,3394,12:30:45,219,S2,116.88,23.689,381.03
3394,12:30:46,797,C,S,Y,Y,29.96099887,23.677,8.44,07:29:15,28.6072058,77.04052662,29.96099887,9,5,263,220,CMD,3394,SIMP,101685.6338,3394,12:30:46,263,S1,156.661,23.66,381.33,3394,12:30:46,220,S2,115.59,23.664,379.46
3394,12:30:47,798,C,S,Y,Y,28.27999886,23.676,8.44,08:29:15,28.607204,77.04052645,28.27999886,9,5,264,221,CMD,3394,SIMP,101665.3596,3394,12:30:47,264,S1,155.365,23.642,379.5,3394,12:30:47,221,S2,114.3,23.665,379.41
3394,12:30:48,799,C,S,Y,Y,26.59899886,23.696,8.43,09:29:15,28.6072022,77.04052628,26.59899886,9,5,265,222,CMD,3394,SIMP,101645.0901,3394,12:30:48,265,S1,154.069,23.681,379.54,3394,12:30:48,222,S2,113.01,23.691,380.86
3394,12:30:49,800,C,S,Y,Y,24.91799885,23.682,8.43,10:29:15,28.6072004,77.04052611,24.91799885,9,5,266,223,CMD,3394,SIMP,101624.8255,3394,12:30:49,266,S1,152.773,23.615,380.4,3394,12:30:49,223,S2,111.72,23.671,379.05
3394,12:30:50,801,C,S,Y,Y,23.23699885,23.667,8.44,11:29:15,28.6071986,77.04052594,23.23699885,9,5,267,224,CMD,3394,SIMP,101604.5657,3394,12:30:50,267,S1,151.477,23.641,381.57,3394,12:30:50,224,S2,110.43,23.694,380.25
3394,12:30:51,802,C,S,Y,Y,21.55599884,23.694,8.43,12:29:15,28.6071968,77.04052577,21.55599884,9,5,268,225,CMD,3394,SIMP,101584.3107,3394,12:30:51,268,S1,150.181,23.634,379.59,3394,12:30:51,225,S2,109.14,23.684,380.51
3394,12:30:52,803,C,S,Y,Y,19.87499884,23.607,8.43,13:29:15,28.607195,77.0405256,19.87499884,9,5,269,226,CMD,3394,SIMP,101564.0605,3394,12:30:52,269,S1,148.885,23.631,381.92,3394,12:30:52,226,S2,107.85,23.629,380.55
3394,12:30:53,804,C,S,Y,Y,18.19399883,23.646,8.43,14:29:15,28.6071932,77.04052543,18.19399883,9,5,270,227,CMD,3394,SIMP,101543.8152,3394,12:30:53,270,S1,147.589,23.681,379.29,3394,12:30:53,227,S2,106.56,23.65,379.59
3394,12:30:54,805,C,S,Y,Y,16.51299883,23.646,8.44,15:29:15,28.6071914,77.04052526,16.51299883,9,5,271,228,CMD,3394,SIMP,101523.5746,3394,12:30:54,271,S1,146.293,23.621,379.7,3394,12:30:54,228,S2,105.27,23.686,380.23
3394,12:30:55,806,C,S,Y,Y,14.83199882,23.616,8.44,16:29:15,28.6071896,77.04052509,14.83199882,9,5,272,229,CMD,3394,SIMP,101503.3388,3394,12:30:55,272,S1,144.997,23.696,380.87,3394,12:30:55,229,S2,103.98,23.667,379.99
3394,12:30:56,807,C,S,Y,Y,13.15099882,23.649,8.43,17:29:15,28.6071878,77.04052492,13.15099882,9,5,273,230,CMD,3394,SIMP,101483.1078,3394,12:30:56,273,S1,143.701,23.648,381.86,3394,12:30:56,230,S2,102.69,23.694,379.27
3394,12:30:57,808,C,S,Y,Y,11.46999881,23.651,8.43,18:29:15,28.607186,77.04052475,11.46999881,9,5,274,231,CMD,3394,SIMP,101462.8817,3394,12:30:57,274,S1,142.405,23.618,379.64,3394,12:30:57,231,S2,101.4,23.621,381.84
3394,12:30:58,809,C,S,Y,Y,9.788,23.675,8.44,19:29:15,28.6071842,77.04052458,9.788,9,5,275,232,CMD,3394,SIMP,101442.6483,3394,12:30:58,275,S1,141.109,23.662,380.76,3394,12:30:58,232,S2,100.11,23.684,380.54
3394,12:30:59,810,C,S,Y,Y,8.106,23.668,8.44,20:29:15,28.6071824,77.04052441,8.106,9,5,276,233,CMD,3394,SIMP,101422.4197,3394,12:30:59,276,S1,139.813,23.649,380.62,3394,12:30:59,233,S2,98.82,23.643,379
3394,12:31:00,811,C,S,Y,Y,6.424,23.614,8.43,21:29:15,28.6071806,77.04052424,6.424,9,5,277,234,CMD,3394,SIMP,101402.1959,3394,12:31:00,277,S1,138.517,23.604,379.86,3394,12:31:00,234,S2,97.53,23.662,380.21
3394,12:31:01,812,C,S,Y,Y,4.742,23.644,8.43,22:29:15,28.6071788,77.04052407,4.742,9,6,278,235,CMD,3394,SIMP,101381.9769,3394,12:31:01,278,S1,137.221,23.675,379.81,3394,12:31:01,235,S2,96.24,23.679,380.05
3394,12:31:02,813,C,S,Y,Y,3.06,23.681,8.43,23:29:15,28.607177,77.0405239,3.06,9,6,279,236,CMD,3394,SIMP,101361.7626,3394,12:31:02,279,S1,135.925,23.667,379.91,3394,12:31:02,236,S2,94.95,23.647,380.43
3394,12:31:03,814,C,S,Y,Y,1.378,23.618,8.44,00:29:15,28.6071752,77.04052373,1.378,9,6,280,237,CMD,3394,SIMP,101341.5532,3394,12:31:03,280,S1,134.629,23.657,381.8,3394,12:31:03,237,S2,93.66,23.652,379.5
3394,12:31:04,815,C,S,Y,Y,0,23.671,8.43,01:29:15,28.6071734,77.04052356,0,9,6,281,238,CMD,3394,SIMP,101325,3394,12:31:04,281,S1,133.333,23.698,381.09,3394,12:31:04,238,S2,92.37,23.65,380.5
